/*
SQLyog Ultimate v11.11 (64 bit)
MySQL - 5.7.17 : Database - advs
*********************************************************************
*/

/*!40101 SET NAMES utf8 */;

/*!40101 SET SQL_MODE=''*/;

/*!40014 SET @OLD_UNIQUE_CHECKS=@@UNIQUE_CHECKS, UNIQUE_CHECKS=0 */;
/*!40014 SET @OLD_FOREIGN_KEY_CHECKS=@@FOREIGN_KEY_CHECKS, FOREIGN_KEY_CHECKS=0 */;
/*!40101 SET @OLD_SQL_MODE=@@SQL_MODE, SQL_MODE='NO_AUTO_VALUE_ON_ZERO' */;
/*!40111 SET @OLD_SQL_NOTES=@@SQL_NOTES, SQL_NOTES=0 */;
CREATE DATABASE /*!32312 IF NOT EXISTS*/`advs` /*!40100 DEFAULT CHARACTER SET utf8 */;

USE `advs`;

/*Table structure for table `sys_dept` */

DROP TABLE IF EXISTS `sys_dept`;

CREATE TABLE `sys_dept` (
  `DEPT_ID` bigint(20) NOT NULL AUTO_INCREMENT COMMENT '主键id',
  `PID` bigint(20) DEFAULT NULL COMMENT '父部门id',
  `PIDS` varchar(512) DEFAULT NULL COMMENT '父级ids',
  `SIMPLE_NAME` varchar(45) DEFAULT NULL COMMENT '简称',
  `FULL_NAME` varchar(255) DEFAULT NULL COMMENT '全称',
  `DESCRIPTION` varchar(255) DEFAULT NULL COMMENT '描述',
  `VERSION` int(11) DEFAULT NULL COMMENT '版本（乐观锁保留字段）',
  `SORT` int(11) DEFAULT NULL COMMENT '排序',
  `CREATE_TIME` datetime DEFAULT NULL COMMENT '创建时间',
  `UPDATE_TIME` datetime DEFAULT NULL COMMENT '修改时间',
  `CREATE_USER` bigint(20) DEFAULT NULL COMMENT '创建人',
  `UPDATE_USER` bigint(20) DEFAULT NULL COMMENT '修改人',
  PRIMARY KEY (`DEPT_ID`) USING BTREE
) ENGINE=InnoDB AUTO_INCREMENT=28 DEFAULT CHARSET=utf8 ROW_FORMAT=DYNAMIC COMMENT='部门表';

/*Data for the table `sys_dept` */

insert  into `sys_dept`(`DEPT_ID`,`PID`,`PIDS`,`SIMPLE_NAME`,`FULL_NAME`,`DESCRIPTION`,`VERSION`,`SORT`,`CREATE_TIME`,`UPDATE_TIME`,`CREATE_USER`,`UPDATE_USER`) values (24,0,'[0],','总公司','总公司','',NULL,1,NULL,NULL,NULL,NULL),(25,24,'[0],[24],','开发部','开发部','',NULL,2,NULL,NULL,NULL,NULL),(26,24,'[0],[24],','运营部','运营部','',NULL,3,NULL,NULL,NULL,NULL),(27,24,'[0],[24],','战略部','战略部','',NULL,4,NULL,NULL,NULL,NULL);

/*Table structure for table `sys_dict` */

DROP TABLE IF EXISTS `sys_dict`;

CREATE TABLE `sys_dict` (
  `DICT_ID` bigint(20) unsigned NOT NULL AUTO_INCREMENT COMMENT '主键id',
  `PID` bigint(20) DEFAULT NULL COMMENT '父级字典id',
  `NAME` varchar(255) DEFAULT NULL COMMENT '字典名称',
  `CODE` varchar(255) DEFAULT NULL COMMENT '字典的编码',
  `DESCRIPTION` varchar(255) DEFAULT NULL COMMENT '字典描述',
  `SORT` int(11) DEFAULT NULL COMMENT '排序',
  `CREATE_TIME` datetime DEFAULT NULL COMMENT '创建时间',
  `UPDATE_TIME` datetime DEFAULT NULL COMMENT '修改时间',
  `CREATE_USER` bigint(20) DEFAULT NULL COMMENT '创建人',
  `UPDATE_USER` bigint(20) DEFAULT NULL COMMENT '修改人',
  PRIMARY KEY (`DICT_ID`) USING BTREE
) ENGINE=InnoDB AUTO_INCREMENT=1071611458312462338 DEFAULT CHARSET=utf8 ROW_FORMAT=DYNAMIC COMMENT='字典表';

/*Data for the table `sys_dict` */

insert  into `sys_dict`(`DICT_ID`,`PID`,`NAME`,`CODE`,`DESCRIPTION`,`SORT`,`CREATE_TIME`,`UPDATE_TIME`,`CREATE_USER`,`UPDATE_USER`) values (50,0,'性别','SEX','',0,NULL,NULL,NULL,NULL),(51,50,'男','M',NULL,1,NULL,NULL,NULL,NULL),(52,50,'女','F',NULL,2,NULL,NULL,NULL,NULL),(53,0,'状态','STATUS','',0,NULL,NULL,NULL,NULL),(54,53,'启用','ENABLE',NULL,1,NULL,NULL,NULL,NULL),(55,53,'禁用','DISABLE',NULL,2,NULL,NULL,NULL,NULL),(56,0,'账号状态','ACCOUNT_STATUS','',0,NULL,NULL,NULL,NULL),(57,56,'启用','ENABLE',NULL,1,NULL,NULL,NULL,NULL),(58,56,'冻结','FREEZE',NULL,2,NULL,NULL,NULL,NULL),(59,56,'已删除','DELETED',NULL,3,NULL,NULL,NULL,NULL),(1071611355157749761,0,'是否删除','DEL_FLAG','用于数据库中是否删除的标记',NULL,'2018-12-09 11:43:51',NULL,1,NULL),(1071611420735692802,1071611355157749761,'已经删除','Y','',NULL,'2018-12-09 11:44:07',NULL,1,NULL),(1071611458312462337,1071611355157749761,'未删除','N','',NULL,'2018-12-09 11:44:16',NULL,1,NULL);

/*Table structure for table `sys_file_info` */

DROP TABLE IF EXISTS `sys_file_info`;

CREATE TABLE `sys_file_info` (
  `FILE_ID` varchar(50) NOT NULL COMMENT '主键id',
  `FILE_DATA` text COMMENT 'base64编码的文件',
  `CREATE_TIME` datetime DEFAULT NULL COMMENT '创建时间',
  `UPDATE_TIME` datetime DEFAULT NULL COMMENT '修改时间',
  `CREATE_USER` bigint(20) DEFAULT NULL COMMENT '创建用户',
  `UPDATE_USER` bigint(20) DEFAULT NULL COMMENT '修改用户',
  PRIMARY KEY (`FILE_ID`) USING BTREE
) ENGINE=InnoDB DEFAULT CHARSET=utf8 ROW_FORMAT=DYNAMIC COMMENT='文件信息表\r\n';

/*Data for the table `sys_file_info` */

insert  into `sys_file_info`(`FILE_ID`,`FILE_DATA`,`CREATE_TIME`,`UPDATE_TIME`,`CREATE_USER`,`UPDATE_USER`) values ('1','/9j/4AAQSkZJRgABAQAAAQABAAD/2wBDAAMCAgICAgMCAgIDAwMDBAYEBAQEBAgGBgUGCQgKCgkICQkKDA8MCgsOCwkJDRENDg8QEBEQCgwSExIQEw8QEBD/2wBDAQMDAwQDBAgEBAgQCwkLEBAQEBAQEBAQEBAQEBAQEBAQEBAQEBAQEBAQEBAQEBAQEBAQEBAQEBAQEBAQEBAQEBD/wAARCABjAGQDASIAAhEBAxEB/8QAHAAAAgIDAQEAAAAAAAAAAAAAAAkHCAUGCgQD/8QAPBAAAQMDAgMGBAQEBAcAAAAAAQIDBAUGEQAHCBIhCRMUMUFhIjJRcSNygZEVFiRCF0OCoRhSYnODosH/xAAXAQEBAQEAAAAAAAAAAAAAAAAAAQID/8QAGhEBAQEBAQEBAAAAAAAAAAAAAAECEQMxIf/aAAwDAQACEQMRAD8Aahozo0aA0Z0aXp2jXaFyNmi/sxs1UWzd77eKnU0YUKYhQ+RHp3pHr6aCynETxqbC8NENxF9XQmXW+TmaodN5X5q/pzJyA2PdZHtnS79yu2m3cq0txna3bi37fg5IQ7UlOTpJHocgobH25T99LwrNaq1xVORWq7UpE+fLcLr8iQ4VuOLJySSepOdeLQWorfad8a1alKkDeBUBBJKWYdIhNoT7D8HJ/UnWWsrtVeMi05okVO+4FzR/WLVqTHKD/rZQhz/21Vm0rTrl73JS7Ut2EuTUKxOYp0ZABwXnlhCAT6ZJ/YH6ax9QgyaZOkU6Y2W34rqmXUn+1STgj9xoG88PnbH2Td0+Lbm/FoC1ZUhSWxWKatT0EKPq42rLjY9wV/ppiVAuCh3TR4twW3VotSps5oPRpUV0ONOoPkUqHQ65bghRSVhJKU+Zx0Grb8CfHXd3DPd0W2bknyalt/UnktzILiirwRUcd+zn5SPUeRGgfVo14aHW6XclGhXBRJjcuBUWESYz7ZylxtYykj9Dr3aA0aNGgNGjRoIY4vN94XDtsRcW4TjyE1BLBiUpsnq5LcBCAPt5/prnWr1drV316fcVdmuzajUX1yZL7qsqWtRySTpkfbJbk1m59xrR2OoKHnm6ZEVVZTDYzzvODKTj1AbGdLcpUXvIlRl5GI7KUn/WoJ/+6DKV2iQaZb1ux47KnatVkOTninr+EpXIygD65Q4T906sTuNwiVjafZzbmiVCiO1Ddfd+qpVApyUkqgU9tKcNY9HFuOslR/tSCPrqNrbtG8axvXT27M29n3q5ShBcbp0ZtZQ7iO2oJKkj4RzEn99NR4TNnOIq6t2Le3S4l7DplCh2LRZsa1ozK8uNPy3G+bnSpSlZShLnxE+a/YaDG8PHBLb2y+7G19nOMMzZ1pUGXeFyzwjIl1eQoRoqAT5NtJRL5B9cnzOl+do1sRK2Q4mLiEaGpqhXS8qt0tYThHK8eZxsfkWVJx9ANPmj2vCj3hPvJLqzLqFNiUxaD8qW47shxJHuTKXn7DUGcc/DRZHEZs3Oj3FITTarbrTs+l1QNlSmFhPxIUAMqQrABA9cY0CkNh9gf564O97N0DE7yRQn4HhFFPUBklbnKfcOgH7aqxpunCHUNrLJ4Ern2/uCtIfn1Ryqxqz3DSleBdWFCOZCcZbScIwojGlNv0sNfxEB4K8A73fTqFjnKcg6B3HZL7wPbj8NX8o1OWp6oWROVT/iVlXhnMra/wB+cfoNXb0oLsTrnksbpX9Z/OfDy6E3UOX0Ljb7aAf2cVpvvvoDRo0aA0aNGgpPxe8N1v09zdTidqUtM64pFuJpVvw8ZLSiyhohII6uFWSnl69dLr4LuFJO6+8dT2U3npdwWt46kCoJSuMWJJDSwsYDg8lAEZxpxXEFGqMabZ12Kos2rUW36i7JqDEOC5NcZcU3ysSfDt5W6ltWSQgFWD0+usNtDW27tuKZdFz1WDXajBQI8CqubfzaAthLhwWG5Etai9n1SjHvrOtcS1ru6tY254A+GStXTt3ZjClUeOxGjhQy9MlLUllpch3HMoBRST9ADgDVR+AHtCOIbeXiEgbUX8mn1umXNImTXJCGC0umttRXHAhvBx3fM2gYVk/EepyNMM3R27sveazKttjftNVOo1Ya7qQ2lRSpJB5krSofKpKgFA/UDUacL/A5slwsVipXHYLNWqFaqTJjKqFWkIedZjlQUWm+RCEpBKU5OCTgdcdNYz6S/Vubifqyml58fnaN35w27ntbT7b2zR5MpiLGnTZ89S18vP8AF3QbTjzQU/FzevlphQVkfTVE+O3s55PFFfcLcyyL2gUGt+FRCqDNRZcUxIQjohxKkAqSoJwnHLg4HUa6WyHWHodatLii2pjcXOz1sMUi96GlcW76I2gdzWIoH9VGeSBh08hUtCiM6VrfduRKLbFcuVmGqI3X7lej0+OtHKURGypw4HpyqKUHTxuDrhnp/CltaNvWbiFbqEuUqdUZga7pDjyhjCEEkhIAwCTk+2qubx9mvee/9yKDN6U60qNQnpqmFuw1yV1CZJe7x50JBRyN/KAokk9emszcqXsvKjbsTbOlv7i3/fpbV4SJR2qXzY6d668hwDP5WlabtqpHARswnhZodZ2EuhTLt1yH117+IxwTGqcLKW0qaJwrLZICkqAILgxkddW31tRo0dfro0Bo0ax1w3BSLVoVQuSvTW4dOpkdyVKfcOEttISVKJ/QaDR9/t/tveHLb+ZuDuFUwzHaBRFioIL81/GUtNp9SfU+QHU6Wzsnxkb68anE1JsRNbatm3KhSpjlLpTCOduM8wnvWXVL6KU5zJGVeWCQBjVVONvisuDii3Zm1gynmrWpLq4tCg83wIZBx3pHqteMk++rHdjBt09V94Lo3IeZ/pqBSvBsuY/z3iARn8mdDnTT7KueZWabCjXdTWaDcy0KEmluSW1rKkdFONcqiVtE9UnAOD1AOtxEVLjLjK88riShWFFJwfoR1Go+39f2updiSq3udbbFZiRFIEWL3IckPSVqCGm2PUOKWoJTgjqdR3QrCvanWiu4KZd192TKaZXINDZrCK7yJCeZLaPGoUkKIwOQAAHoDjrrnMSXqXt+tfq/CFdFzzFWjc1Yp0+2WHx4e4pkqVJryoOQUxcKUGkOpGUeKypak4PKF/HqzqYLcCGxCY5i3HbS0jmUVHlAwMk9SdRptVd12Jtar1u8LplV2LGfcciTX4LDCnYiEBQcSGEpSsKByCB19Omomj7k8Q+9VXm2pbF4WrZKnabFrrCI8BybJECSpYaZdf70JadIQSeVGRzApONXWewqeKjd1Dp12wLPiFU2uzh3yorPxGMwPN54/wCWj0Geqj5ZwdYS/wCl7J2RcMHcC6bHDlwLc5o1SptsyJ00rA8lORmVqA/OQNePYw2/bVQnWHVLRXb94JT4ua4/JVLVVk+XiUSl/G8M+YV8Sft114eOPu2uEzc6SVrbcj0CQ60tCyhSVpGUkEEHz1M+ci6t1e1mLJj3Df8AuendKp25PoNEpNKdpdHjVFAbly1vOIW5IW2CS0kBsJSlXxHmJIGBmXdUF7KPiur281jVPai/6y7UbitJtL0SVIXzOyIBIThRPVRQopGT1wofTV+tdCTg0aNGgNLn7YHiOesywKZsPbk4tVG6x4yqltWFJgoVhKD+daTn2SPrpjGueXj/AN0Ht1uKy+ayJPfQqbONIg4OU9xH/DBH35SfudBXbT1ezR2tZ2L4TWrvuNoQ5lx97XpqnBgoYSk90FfZIJ/XSiuE3ZSdv7vza+3kdlSoj8tMmorAyG4jZCnCfbGB+unj8QZbdoNrcPFpLMV27HG4TwZ6GLSGEgvr6eXwp5B7nQaq5eat9dwdk3n6c5Dpk5VRu4xXevOiKhSIqiPoVuMugfbUpbi7rWZtcIzN0TnVT5xIh02EwqRMk48yhpHXA+pwPfWm3HSptp757eVqiUB56lx7fq1Bjojt5Qw8W2nWUqx8qSI5SCfUgay+3Vnt7X2fXd9N2VJmXlNgPVitS1jm/h8ZCC4IbGfkbbQMHHzKCifPQaRS9sw2yKFb+/sy27PqIblxKA0qPHmRWnWkEMB1f4rafXl8xzEamPaTZCwNnaMKTZNIRFbXyqeeUsuvPqAwFOOK6qONQVYZi7v3nAt7f7ZO3o9Svi2l3NSahDe53BExH52HeoUh1sym083qUnHQDUn8OdyVCn0m4dqboqTsur7fVV2lB59WXpEA/iQ3lE+ZLC28q9SDoNqr1q1mp7xWzdSGWm6ZQaZNbLvP8br0gpTyY+iQgHP/AFajTtCHnGuD3cotkjno7iT9j56+m424FT3MviJtptvUH/A0SS3PumrwjzCO22eZMNtQ6KdWR1A8h99eHiwrNH3X4LNyqja8sTGV0KWlOEkKS610UhST1CgQcg6BOvAbvYNieJe1LpmyizSJz/8ACqoc/D4Z/wCAqP15SQr7jXQ6lSVpC0KBSoZBHkRrlfbcW04l1tRSpBCkkehGuibgX3dO9XC/ZN2ypPfVGLCFJqJKsq8RG/DJV7qQELP5tBPejRo0GubkVefQNu7or1KQVzabRZsuMkDJLrbC1IAH3A1zF1eZKqNVmT5ri3JEh9xx1SzlRUVEnOupV1tt5tTLyErQtJSpKhkKB8wRqnlydlJwk3HeRvBVEr0BLjyn3qXDqIRCcUTk5SpBWB18krGgiPsgeHRyy7Dqu/10wgxMuVHh6UXRgtwUE8znXy5j6+oA1ZnaN3/EzcG6t85SVLhuuKt+3Ob+2Cwr8V1I9O8dB6/ROsxv5U2tvtraVtTt3EbhVG53GrZoseOOUR2lJw44APIIbBOfqRrdLPtanWbbNKtKjNhEOlxm4rQAxnlHVR9yck+5Og2alxudRfUCAn5dRvxeyHovC1uu9HJCxZ9VSCPQGMsE/sTqWmGw00lCfQY1q27Vj/4l7XXbt4ZCWf5lok2lB1Q6Nl9lTYUfsVZ/TQRhY7LFb4oqs7FSDEsawaTR2voh6Y++64kf+OPGJ9iNbluDsBYO4lc/mipKq9Mqyo4ivy6RUXIbkpkZ5W3Sg/GBk4PmM9DrXOGPb/ca14NzXduzTodPue6p0Vx6HFlJkIYYiwmIrY7xPQ85ZcdwPLvQPMHU2kZ6aCP7Qsq2Nv6Oi3LSorFNgtEnu2h1Wo+a1qPxLUfVSiSdRNaNCjyqnv5tI+j+imITVI7H9oEyMsr5R+dI1PlQb7uUvHkeuogfUm1eKCizHE4h31b0ilOk9EmTGIdR+pb5hoOeOr052j1abSXx+JCkOR1/mQopP+400zsT90pDzN+7NzJHM2wlm4ILZPy9e5fOPcqY/bVAeK+xpO3HEduDaclotmPXJD6ARgcjyu9Tj2w4NWR7HVNW/wCKyS5AZdVEFtzUzlpB5UNlTfLzH/uBGgdzo0aNAaNGjQV9uUmp8XlKiT/x2aRZzkuC2r5WHnZBQ4tI/wCYpSBk+g1MkQAyG8j10aNBntGjRoDRo0aDEVjo+j3TqEOIImNV9rqmweSUxfNNabdHmlDiilwfZSeh0aNAsXtb6RTYvGAhUaIhsz6DAdklOR3iytxJUffAA/TTK+ArZnbDbHYyjV2xrPh0upXJFbkVWYlS3X5SwTjmW4pSgkdcJBCRkkDro0aCyujRo0H/2Q==',NULL,NULL,NULL,NULL);

/*Table structure for table `sys_login_log` */

DROP TABLE IF EXISTS `sys_login_log`;

CREATE TABLE `sys_login_log` (
  `LOGIN_LOG_ID` bigint(20) NOT NULL AUTO_INCREMENT COMMENT '主键',
  `LOG_NAME` varchar(255) DEFAULT NULL COMMENT '日志名称',
  `USER_ID` bigint(20) DEFAULT NULL COMMENT '管理员id',
  `CREATE_TIME` datetime DEFAULT NULL COMMENT '创建时间',
  `SUCCEED` varchar(255) DEFAULT NULL COMMENT '是否执行成功',
  `MESSAGE` text COMMENT '具体消息',
  `IP_ADDRESS` varchar(255) DEFAULT NULL COMMENT '登录ip',
  PRIMARY KEY (`LOGIN_LOG_ID`) USING BTREE
) ENGINE=InnoDB AUTO_INCREMENT=1112553523192381443 DEFAULT CHARSET=utf8 ROW_FORMAT=DYNAMIC COMMENT='登录记录';

/*Data for the table `sys_login_log` */

insert  into `sys_login_log`(`LOGIN_LOG_ID`,`LOG_NAME`,`USER_ID`,`CREATE_TIME`,`SUCCEED`,`MESSAGE`,`IP_ADDRESS`) values (1111549363961569281,'登录日志',1,'2019-03-29 16:43:15','成功',NULL,'0:0:0:0:0:0:0:1'),(1111549375781117953,'登录日志',1,'2019-03-29 16:43:17','成功',NULL,'0:0:0:0:0:0:0:1'),(1111553356649570306,'退出日志',1,'2019-03-29 16:59:07','成功',NULL,'0:0:0:0:0:0:0:1'),(1111554147812745217,'登录日志',1,'2019-03-29 17:02:15','成功',NULL,'0:0:0:0:0:0:0:1'),(1111568600054734850,'登录日志',1,'2019-03-29 17:59:41','成功',NULL,'0:0:0:0:0:0:0:1'),(1111570679833927682,'登录日志',1,'2019-03-29 18:07:57','成功',NULL,'0:0:0:0:0:0:0:1'),(1111816404945657857,'登录日志',1,'2019-03-30 10:24:22','成功',NULL,'0:0:0:0:0:0:0:1'),(1111827702249025537,'登录日志',1,'2019-03-30 11:09:16','成功',NULL,'0:0:0:0:0:0:0:1'),(1111842956731326465,'登录日志',1,'2019-03-30 12:09:52','成功',NULL,'0:0:0:0:0:0:0:1'),(1111895785357545473,'登录日志',1,'2019-03-30 15:39:48','成功',NULL,'0:0:0:0:0:0:0:1'),(1112538661858844673,'登录失败日志',NULL,'2019-04-01 10:14:22','成功','账号:22,账号密码错误','0:0:0:0:0:0:0:1'),(1112538696549933058,'登录失败日志',NULL,'2019-04-01 10:14:30','成功','账号:22,账号密码错误','0:0:0:0:0:0:0:1'),(1112538706758868994,'登录日志',1,'2019-04-01 10:14:32','成功',NULL,'0:0:0:0:0:0:0:1'),(1112543879245864962,'退出日志',1,'2019-04-01 10:35:06','成功',NULL,'0:0:0:0:0:0:0:1'),(1112543898661298177,'登录失败日志',NULL,'2019-04-01 10:35:10','成功','账号:admin,账号密码错误','0:0:0:0:0:0:0:1'),(1112543926079463426,'登录日志',1,'2019-04-01 10:35:17','成功',NULL,'0:0:0:0:0:0:0:1'),(1112544799836934146,'登录日志',1,'2019-04-01 10:38:44','成功',NULL,'0:0:0:0:0:0:0:1'),(1112547276967645186,'登录日志',1,'2019-04-01 10:48:35','成功',NULL,'0:0:0:0:0:0:0:1'),(1112547378906009602,'退出日志',1,'2019-04-01 10:49:00','成功',NULL,'0:0:0:0:0:0:0:1'),(1112553523192381442,'登录日志',1,'2019-04-01 11:13:25','成功',NULL,'0:0:0:0:0:0:0:1');

/*Table structure for table `sys_menu` */

DROP TABLE IF EXISTS `sys_menu`;

CREATE TABLE `sys_menu` (
  `MENU_ID` bigint(20) NOT NULL AUTO_INCREMENT COMMENT '主键id',
  `CODE` varchar(255) DEFAULT NULL COMMENT '菜单编号',
  `PCODE` varchar(255) DEFAULT NULL COMMENT '菜单父编号',
  `PCODES` varchar(255) DEFAULT NULL COMMENT '当前菜单的所有父菜单编号',
  `NAME` varchar(255) DEFAULT NULL COMMENT '菜单名称',
  `ICON` varchar(255) DEFAULT NULL COMMENT '菜单图标',
  `URL` varchar(255) DEFAULT NULL COMMENT 'url地址',
  `SORT` int(65) DEFAULT NULL COMMENT '菜单排序号',
  `LEVELS` int(65) DEFAULT NULL COMMENT '菜单层级',
  `MENU_FLAG` varchar(32) DEFAULT NULL COMMENT '是否是菜单(字典)',
  `DESCRIPTION` varchar(255) DEFAULT NULL COMMENT '备注',
  `STATUS` varchar(32) DEFAULT 'ENABLE' COMMENT '菜单状态(字典)',
  `NEW_PAGE_FLAG` varchar(32) DEFAULT NULL COMMENT '是否打开新页面的标识(字典)',
  `OPEN_FLAG` varchar(32) DEFAULT NULL COMMENT '是否打开(字典)',
  `CREATE_TIME` datetime DEFAULT NULL COMMENT '创建时间',
  `UPDATE_TIME` datetime DEFAULT NULL COMMENT '修改时间',
  `CREATE_USER` bigint(20) DEFAULT NULL COMMENT '创建人',
  `UPDATE_USER` bigint(20) DEFAULT NULL COMMENT '修改人',
  PRIMARY KEY (`MENU_ID`) USING BTREE
) ENGINE=InnoDB AUTO_INCREMENT=1111836440213188611 DEFAULT CHARSET=utf8 ROW_FORMAT=DYNAMIC COMMENT='菜单表';

/*Data for the table `sys_menu` */

insert  into `sys_menu`(`MENU_ID`,`CODE`,`PCODE`,`PCODES`,`NAME`,`ICON`,`URL`,`SORT`,`LEVELS`,`MENU_FLAG`,`DESCRIPTION`,`STATUS`,`NEW_PAGE_FLAG`,`OPEN_FLAG`,`CREATE_TIME`,`UPDATE_TIME`,`CREATE_USER`,`UPDATE_USER`) values (105,'system','0','[0],','系统管理','layui-icon layui-icon-username','#',30,1,'Y',NULL,'ENABLE',NULL,'1',NULL,'2019-02-11 15:49:05',NULL,1),(106,'mgr','system','[0],[system],','用户管理','','/mgr',1,2,'Y',NULL,'ENABLE',NULL,'0',NULL,NULL,NULL,NULL),(107,'mgr_add','mgr','[0],[system],[mgr],','添加用户',NULL,'/mgr/add',1,3,'N',NULL,'ENABLE',NULL,'0',NULL,NULL,NULL,NULL),(108,'mgr_edit','mgr','[0],[system],[mgr],','修改用户',NULL,'/mgr/edit',2,3,'N',NULL,'ENABLE',NULL,'0',NULL,NULL,NULL,NULL),(109,'mgr_delete','mgr','[0],[system],[mgr],','删除用户',NULL,'/mgr/delete',3,3,'N',NULL,'ENABLE',NULL,'0',NULL,NULL,NULL,NULL),(110,'mgr_reset','mgr','[0],[system],[mgr],','重置密码',NULL,'/mgr/reset',4,3,'N',NULL,'ENABLE',NULL,'0',NULL,NULL,NULL,NULL),(111,'mgr_freeze','mgr','[0],[system],[mgr],','冻结用户',NULL,'/mgr/freeze',5,3,'N',NULL,'ENABLE',NULL,'0',NULL,NULL,NULL,NULL),(112,'mgr_unfreeze','mgr','[0],[system],[mgr],','解除冻结用户',NULL,'/mgr/unfreeze',6,3,'N',NULL,'ENABLE',NULL,'0',NULL,NULL,NULL,NULL),(113,'mgr_setRole','mgr','[0],[system],[mgr],','分配角色',NULL,'/mgr/setRole',7,3,'N',NULL,'ENABLE',NULL,'0',NULL,NULL,NULL,NULL),(114,'role','system','[0],[system],','角色管理',NULL,'/role',2,2,'Y',NULL,'ENABLE',NULL,'0',NULL,NULL,NULL,NULL),(115,'role_add','role','[0],[system],[role],','添加角色',NULL,'/role/add',1,3,'N',NULL,'ENABLE',NULL,'0',NULL,NULL,NULL,NULL),(116,'role_edit','role','[0],[system],[role],','修改角色',NULL,'/role/edit',2,3,'N',NULL,'ENABLE',NULL,'0',NULL,NULL,NULL,NULL),(117,'role_remove','role','[0],[system],[role],','删除角色',NULL,'/role/remove',3,3,'N',NULL,'ENABLE',NULL,'0',NULL,NULL,NULL,NULL),(118,'role_setAuthority','role','[0],[system],[role],','配置权限',NULL,'/role/setAuthority',4,3,'N',NULL,'ENABLE',NULL,'0',NULL,NULL,NULL,NULL),(119,'menu','system','[0],[system],','菜单管理',NULL,'/menu',4,2,'Y',NULL,'ENABLE',NULL,'0',NULL,NULL,NULL,NULL),(120,'menu_add','menu','[0],[system],[menu],','添加菜单',NULL,'/menu/add',1,3,'N',NULL,'ENABLE',NULL,'0',NULL,NULL,NULL,NULL),(121,'menu_edit','menu','[0],[system],[menu],','修改菜单',NULL,'/menu/edit',2,3,'N',NULL,'ENABLE',NULL,'0',NULL,NULL,NULL,NULL),(122,'menu_remove','menu','[0],[system],[menu],','删除菜单',NULL,'/menu/remove',3,3,'N',NULL,'ENABLE',NULL,'0',NULL,NULL,NULL,NULL),(132,'dict','system','[0],[system],','字典管理',NULL,'/dict',4,2,'Y',NULL,'ENABLE',NULL,NULL,NULL,NULL,NULL,NULL),(138,'dict_add','dict','[0],[system],[dict],','添加字典',NULL,'/dict/add',1,3,'N',NULL,'ENABLE',NULL,NULL,NULL,NULL,NULL,NULL),(139,'dict_update','dict','[0],[system],[dict],','修改字典',NULL,'/dict/update',1,3,'N',NULL,'ENABLE',NULL,NULL,NULL,NULL,NULL,NULL),(140,'dict_delete','dict','[0],[system],[dict],','删除字典',NULL,'/dict/delete',1,3,'N',NULL,'ENABLE',NULL,NULL,NULL,NULL,NULL,NULL),(145,'hello','system_message','[0],[system_message],','系统消息','layui-icon layui-icon-tips','/notice/hello',10,2,'Y',NULL,'ENABLE',NULL,NULL,NULL,'2019-03-30 12:14:12',NULL,1),(150,'to_menu_edit','menu','[0],[system],[menu],','菜单编辑跳转','','/menu/menu_edit',4,3,'N',NULL,'ENABLE',NULL,NULL,NULL,NULL,NULL,NULL),(151,'menu_list','menu','[0],[system],[menu],','菜单列表','','/menu/list',5,3,'N',NULL,'ENABLE',NULL,NULL,NULL,NULL,NULL,NULL),(155,'to_dict_edit','dict','[0],[system],[dict],','修改菜单跳转','','/dict/dict_edit',4,3,'N',NULL,'ENABLE',NULL,NULL,NULL,NULL,NULL,NULL),(156,'dict_list','dict','[0],[system],[dict],','字典列表','','/dict/list',5,3,'N',NULL,'ENABLE',NULL,NULL,NULL,NULL,NULL,NULL),(157,'dict_detail','dict','[0],[system],[dict],','字典详情','','/dict/detail',6,3,'N',NULL,'ENABLE',NULL,NULL,NULL,NULL,NULL,NULL),(162,'to_role_edit','role','[0],[system],[role],','修改角色跳转','','/role/role_edit',5,3,'N',NULL,'ENABLE',NULL,NULL,NULL,NULL,NULL,NULL),(163,'to_role_assign','role','[0],[system],[role],','角色分配跳转','','/role/role_assign',6,3,'N',NULL,'ENABLE',NULL,NULL,NULL,NULL,NULL,NULL),(164,'role_list','role','[0],[system],[role],','角色列表','','/role/list',7,3,'N',NULL,'ENABLE',NULL,NULL,NULL,NULL,NULL,NULL),(165,'to_assign_role','mgr','[0],[system],[mgr],','分配角色跳转','','/mgr/role_assign',8,3,'N',NULL,'ENABLE',NULL,NULL,NULL,NULL,NULL,NULL),(166,'to_user_edit','mgr','[0],[system],[mgr],','编辑用户跳转','','/mgr/user_edit',9,3,'N',NULL,'ENABLE',NULL,NULL,NULL,NULL,NULL,NULL),(167,'mgr_list','mgr','[0],[system],[mgr],','用户列表','','/mgr/list',10,3,'N',NULL,'ENABLE',NULL,NULL,NULL,NULL,NULL,NULL),(172,'system_message','0','[0],','系统消息','layui-icon layui-icon-tips','#',10,1,'Y',NULL,'ENABLE',NULL,NULL,NULL,'2019-02-11 15:47:32',NULL,1);

/*Table structure for table `sys_notice` */

DROP TABLE IF EXISTS `sys_notice`;

CREATE TABLE `sys_notice` (
  `NOTICE_ID` bigint(20) NOT NULL AUTO_INCREMENT COMMENT '主键',
  `TITLE` varchar(255) DEFAULT NULL COMMENT '标题',
  `CONTENT` text COMMENT '内容',
  `CREATE_TIME` datetime DEFAULT NULL COMMENT '创建时间',
  `CREATE_USER` bigint(20) DEFAULT NULL COMMENT '创建人',
  `UPDATE_TIME` datetime DEFAULT NULL COMMENT '修改时间',
  `UPDATE_USER` bigint(20) DEFAULT NULL COMMENT '修改人',
  PRIMARY KEY (`NOTICE_ID`) USING BTREE
) ENGINE=InnoDB AUTO_INCREMENT=9 DEFAULT CHARSET=utf8 ROW_FORMAT=DYNAMIC COMMENT='通知表';

/*Data for the table `sys_notice` */

insert  into `sys_notice`(`NOTICE_ID`,`TITLE`,`CONTENT`,`CREATE_TIME`,`CREATE_USER`,`UPDATE_TIME`,`UPDATE_USER`) values (6,'欢迎','hi，Guns旗舰版发布了！','2017-01-11 08:53:20',1,'2018-12-28 23:24:48',1),(8,'你好','你好，世界！','2017-05-10 19:28:57',1,'2018-12-28 23:28:26',1);

/*Table structure for table `sys_operation_log` */

DROP TABLE IF EXISTS `sys_operation_log`;

CREATE TABLE `sys_operation_log` (
  `OPERATION_LOG_ID` bigint(20) NOT NULL AUTO_INCREMENT COMMENT '主键',
  `LOG_TYPE` varchar(32) DEFAULT NULL COMMENT '日志类型(字典)',
  `LOG_NAME` varchar(255) DEFAULT NULL COMMENT '日志名称',
  `USER_ID` bigint(65) DEFAULT NULL COMMENT '用户id',
  `CLASS_NAME` varchar(255) DEFAULT NULL COMMENT '类名称',
  `METHOD` text COMMENT '方法名称',
  `CREATE_TIME` datetime DEFAULT NULL COMMENT '创建时间',
  `SUCCEED` varchar(32) DEFAULT NULL COMMENT '是否成功(字典)',
  `MESSAGE` text COMMENT '备注',
  PRIMARY KEY (`OPERATION_LOG_ID`) USING BTREE
) ENGINE=InnoDB AUTO_INCREMENT=1112545942923186179 DEFAULT CHARSET=utf8 ROW_FORMAT=DYNAMIC COMMENT='操作日志';

/*Data for the table `sys_operation_log` */

insert  into `sys_operation_log`(`OPERATION_LOG_ID`,`LOG_TYPE`,`LOG_NAME`,`USER_ID`,`CLASS_NAME`,`METHOD`,`CREATE_TIME`,`SUCCEED`,`MESSAGE`) values (1111549975524646913,'异常日志','',1,NULL,NULL,'2019-03-29 16:45:40','失败','java.lang.NullPointerException\r\n	at cn.stylefeng.guns.modular.system.service.MenuService.selectMenus(MenuService.java:119)\r\n	at cn.stylefeng.guns.modular.system.service.MenuServiceTTFastClassBySpringCGLIBTTafc31a75.invoke(<generated>)\r\n	at org.springframework.cglib.proxy.MethodProxy.invoke(MethodProxy.java:218)\r\n	at org.springframework.aop.framework.CglibAopProxyTCglibMethodInvocation.invokeJoinpoint(CglibAopProxy.java:749)\r\n	at org.springframework.aop.framework.ReflectiveMethodInvocation.proceed(ReflectiveMethodInvocation.java:163)\r\n	at com.alibaba.druid.support.spring.stat.DruidStatInterceptor.invoke(DruidStatInterceptor.java:72)\r\n	at org.springframework.aop.framework.ReflectiveMethodInvocation.proceed(ReflectiveMethodInvocation.java:186)\r\n	at org.springframework.aop.framework.CglibAopProxyTDynamicAdvisedInterceptor.intercept(CglibAopProxy.java:688)\r\n	at cn.stylefeng.guns.modular.system.service.MenuServiceTTEnhancerBySpringCGLIBTTa1c37db9.selectMenus(<generated>)\r\n	at cn.stylefeng.guns.modular.system.controller.MenuController.list(MenuController.java:143)\r\n	at cn.stylefeng.guns.modular.system.controller.MenuControllerTTFastClassBySpringCGLIBTT3bdef105.invoke(<generated>)\r\n	at org.springframework.cglib.proxy.MethodProxy.invoke(MethodProxy.java:218)\r\n	at org.springframework.aop.framework.CglibAopProxyTCglibMethodInvocation.invokeJoinpoint(CglibAopProxy.java:749)\r\n	at org.springframework.aop.framework.ReflectiveMethodInvocation.proceed(ReflectiveMethodInvocation.java:163)\r\n	at org.springframework.aop.aspectj.MethodInvocationProceedingJoinPoint.proceed(MethodInvocationProceedingJoinPoint.java:88)\r\n	at cn.stylefeng.guns.core.interceptor.SessionHolderInterceptor.sessionKit(SessionHolderInterceptor.java:44)\r\n	at sun.reflect.GeneratedMethodAccessor106.invoke(Unknown Source)\r\n	at sun.reflect.DelegatingMethodAccessorImpl.invoke(DelegatingMethodAccessorImpl.java:43)\r\n	at java.lang.reflect.Method.invoke(Method.java:498)\r\n	at org.springframework.aop.aspectj.AbstractAspectJAdvice.invokeAdviceMethodWithGivenArgs(AbstractAspectJAdvice.java:644)\r\n	at org.springframework.aop.aspectj.AbstractAspectJAdvice.invokeAdviceMethod(AbstractAspectJAdvice.java:633)\r\n	at org.springframework.aop.aspectj.AspectJAroundAdvice.invoke(AspectJAroundAdvice.java:70)\r\n	at org.springframework.aop.framework.ReflectiveMethodInvocation.proceed(ReflectiveMethodInvocation.java:186)\r\n	at org.springframework.aop.aspectj.MethodInvocationProceedingJoinPoint.proceed(MethodInvocationProceedingJoinPoint.java:88)\r\n	at cn.stylefeng.guns.core.aop.PermissionAop.doPermission(PermissionAop.java:72)\r\n	at sun.reflect.GeneratedMethodAccessor124.invoke(Unknown Source)\r\n	at sun.reflect.DelegatingMethodAccessorImpl.invoke(DelegatingMethodAccessorImpl.java:43)\r\n	at java.lang.reflect.Method.invoke(Method.java:498)\r\n	at org.springframework.aop.aspectj.AbstractAspectJAdvice.invokeAdviceMethodWithGivenArgs(AbstractAspectJAdvice.java:644)\r\n	at org.springframework.aop.aspectj.AbstractAspectJAdvice.invokeAdviceMethod(AbstractAspectJAdvice.java:633)\r\n	at org.springframework.aop.aspectj.AspectJAroundAdvice.invoke(AspectJAroundAdvice.java:70)\r\n	at org.springframework.aop.framework.ReflectiveMethodInvocation.proceed(ReflectiveMethodInvocation.java:175)\r\n	at org.springframework.aop.interceptor.ExposeInvocationInterceptor.invoke(ExposeInvocationInterceptor.java:93)\r\n	at org.springframework.aop.framework.ReflectiveMethodInvocation.proceed(ReflectiveMethodInvocation.java:186)\r\n	at org.springframework.aop.framework.CglibAopProxyTDynamicAdvisedInterceptor.intercept(CglibAopProxy.java:688)\r\n	at cn.stylefeng.guns.modular.system.controller.MenuControllerTTEnhancerBySpringCGLIBTT11de3a2c.list(<generated>)\r\n	at sun.reflect.GeneratedMethodAccessor145.invoke(Unknown Source)\r\n	at sun.reflect.DelegatingMethodAccessorImpl.invoke(DelegatingMethodAccessorImpl.java:43)\r\n	at java.lang.reflect.Method.invoke(Method.java:498)\r\n	at org.springframework.web.method.support.InvocableHandlerMethod.doInvoke(InvocableHandlerMethod.java:189)\r\n	at org.springframework.web.method.support.InvocableHandlerMethod.invokeForRequest(InvocableHandlerMethod.java:138)\r\n	at org.springframework.web.servlet.mvc.method.annotation.ServletInvocableHandlerMethod.invokeAndHandle(ServletInvocableHandlerMethod.java:102)\r\n	at org.springframework.web.servlet.mvc.method.annotation.RequestMappingHandlerAdapter.invokeHandlerMethod(RequestMappingHandlerAdapter.java:895)\r\n	at org.springframework.web.servlet.mvc.method.annotation.RequestMappingHandlerAdapter.handleInternal(RequestMappingHandlerAdapter.java:800)\r\n	at org.springframework.web.servlet.mvc.method.AbstractHandlerMethodAdapter.handle(AbstractHandlerMethodAdapter.java:87)\r\n	at org.springframework.web.servlet.DispatcherServlet.doDispatch(DispatcherServlet.java:1038)\r\n	at org.springframework.web.servlet.DispatcherServlet.doService(DispatcherServlet.java:942)\r\n	at org.springframework.web.servlet.FrameworkServlet.processRequest(FrameworkServlet.java:1005)\r\n	at org.springframework.web.servlet.FrameworkServlet.doGet(FrameworkServlet.java:897)\r\n	at javax.servlet.http.HttpServlet.service(HttpServlet.java:634)\r\n	at org.springframework.web.servlet.FrameworkServlet.service(FrameworkServlet.java:882)\r\n	at javax.servlet.http.HttpServlet.service(HttpServlet.java:741)\r\n	at org.apache.catalina.core.ApplicationFilterChain.internalDoFilter(ApplicationFilterChain.java:231)\r\n	at org.apache.catalina.core.ApplicationFilterChain.doFilter(ApplicationFilterChain.java:166)\r\n	at org.apache.tomcat.websocket.server.WsFilter.doFilter(WsFilter.java:53)\r\n	at org.apache.catalina.core.ApplicationFilterChain.internalDoFilter(ApplicationFilterChain.java:193)\r\n	at org.apache.catalina.core.ApplicationFilterChain.doFilter(ApplicationFilterChain.java:166)\r\n	at org.apache.shiro.web.servlet.ProxiedFilterChain.doFilter(ProxiedFilterChain.java:61)\r\n	at org.apache.shiro.web.servlet.AdviceFilter.executeChain(AdviceFilter.java:108)\r\n	at org.apache.shiro.web.servlet.AdviceFilter.doFilterInternal(AdviceFilter.java:137)\r\n	at org.apache.shiro.web.servlet.OncePerRequestFilter.doFilter(OncePerRequestFilter.java:125)\r\n	at org.apache.shiro.web.servlet.ProxiedFilterChain.doFilter(ProxiedFilterChain.java:66)\r\n	at org.apache.shiro.web.servlet.AbstractShiroFilter.executeChain(AbstractShiroFilter.java:449)\r\n	at org.apache.shiro.web.servlet.AbstractShiroFilterT1.call(AbstractShiroFilter.java:365)\r\n	at org.apache.shiro.subject.support.SubjectCallable.doCall(SubjectCallable.java:90)\r\n	at org.apache.shiro.subject.support.SubjectCallable.call(SubjectCallable.java:83)\r\n	at org.apache.shiro.subject.support.DelegatingSubject.execute(DelegatingSubject.java:387)\r\n	at org.apache.shiro.web.servlet.AbstractShiroFilter.doFilterInternal(AbstractShiroFilter.java:362)\r\n	at org.apache.shiro.web.servlet.OncePerRequestFilter.doFilter(OncePerRequestFilter.java:125)\r\n	at org.apache.catalina.core.ApplicationFilterChain.internalDoFilter(ApplicationFilterChain.java:193)\r\n	at org.apache.catalina.core.ApplicationFilterChain.doFilter(ApplicationFilterChain.java:166)\r\n	at cn.stylefeng.roses.core.xss.XssFilter.doFilter(XssFilter.java:31)\r\n	at org.apache.catalina.core.ApplicationFilterChain.internalDoFilter(ApplicationFilterChain.java:193)\r\n	at org.apache.catalina.core.ApplicationFilterChain.doFilter(ApplicationFilterChain.java:166)\r\n	at com.alibaba.druid.support.http.WebStatFilter.doFilter(WebStatFilter.java:123)\r\n	at org.apache.catalina.core.ApplicationFilterChain.internalDoFilter(ApplicationFilterChain.java:193)\r\n	at org.apache.catalina.core.ApplicationFilterChain.doFilter(ApplicationFilterChain.java:166)\r\n	at org.springframework.web.filter.RequestContextFilter.doFilterInternal(RequestContextFilter.java:99)\r\n	at org.springframework.web.filter.OncePerRequestFilter.doFilter(OncePerRequestFilter.java:107)\r\n	at org.apache.catalina.core.ApplicationFilterChain.internalDoFilter(ApplicationFilterChain.java:193)\r\n	at org.apache.catalina.core.ApplicationFilterChain.doFilter(ApplicationFilterChain.java:166)\r\n	at org.springframework.web.filter.FormContentFilter.doFilterInternal(FormContentFilter.java:92)\r\n	at org.springframework.web.filter.OncePerRequestFilter.doFilter(OncePerRequestFilter.java:107)\r\n	at org.apache.catalina.core.ApplicationFilterChain.internalDoFilter(ApplicationFilterChain.java:193)\r\n	at org.apache.catalina.core.ApplicationFilterChain.doFilter(ApplicationFilterChain.java:166)\r\n	at org.springframework.web.filter.HiddenHttpMethodFilter.doFilterInternal(HiddenHttpMethodFilter.java:93)\r\n	at org.springframework.web.filter.OncePerRequestFilter.doFilter(OncePerRequestFilter.java:107)\r\n	at org.apache.catalina.core.ApplicationFilterChain.internalDoFilter(ApplicationFilterChain.java:193)\r\n	at org.apache.catalina.core.ApplicationFilterChain.doFilter(ApplicationFilterChain.java:166)\r\n	at org.springframework.web.filter.CharacterEncodingFilter.doFilterInternal(CharacterEncodingFilter.java:200)\r\n	at org.springframework.web.filter.OncePerRequestFilter.doFilter(OncePerRequestFilter.java:107)\r\n	at org.apache.catalina.core.ApplicationFilterChain.internalDoFilter(ApplicationFilterChain.java:193)\r\n	at org.apache.catalina.core.ApplicationFilterChain.doFilter(ApplicationFilterChain.java:166)\r\n	at org.apache.catalina.core.StandardWrapperValve.invoke(StandardWrapperValve.java:199)\r\n	at org.apache.catalina.core.StandardContextValve.invoke(StandardContextValve.java:96)\r\n	at org.apache.catalina.authenticator.AuthenticatorBase.invoke(AuthenticatorBase.java:490)\r\n	at org.apache.catalina.core.StandardHostValve.invoke(StandardHostValve.java:139)\r\n	at org.apache.catalina.valves.ErrorReportValve.invoke(ErrorReportValve.java:92)\r\n	at org.apache.catalina.core.StandardEngineValve.invoke(StandardEngineValve.java:74)\r\n	at org.apache.catalina.connector.CoyoteAdapter.service(CoyoteAdapter.java:343)\r\n	at org.apache.coyote.http11.Http11Processor.service(Http11Processor.java:408)\r\n	at org.apache.coyote.AbstractProcessorLight.process(AbstractProcessorLight.java:66)\r\n	at org.apache.coyote.AbstractProtocolTConnectionHandler.process(AbstractProtocol.java:791)\r\n	at org.apache.tomcat.util.net.NioEndpointTSocketProcessor.doRun(NioEndpoint.java:1417)\r\n	at org.apache.tomcat.util.net.SocketProcessorBase.run(SocketProcessorBase.java:49)\r\n	at java.util.concurrent.ThreadPoolExecutor.runWorker(ThreadPoolExecutor.java:1142)\r\n	at java.util.concurrent.ThreadPoolExecutorTWorker.run(ThreadPoolExecutor.java:617)\r\n	at org.apache.tomcat.util.threads.TaskThreadTWrappingRunnable.run(TaskThread.java:61)\r\n	at java.lang.Thread.run(Thread.java:748)\r\n'),(1111836440569704449,'业务日志','菜单新增',1,'cn.stylefeng.guns.modular.system.controller.MenuController','add','2019-03-30 11:43:59','成功','菜单名称=文章管理'),(1111837026971152385,'异常日志','',1,NULL,NULL,'2019-03-30 11:46:19','失败','java.lang.NullPointerException\r\n	at cn.stylefeng.guns.modular.system.service.MenuService.selectMenus(MenuService.java:119)\r\n	at cn.stylefeng.guns.modular.system.service.MenuServiceTTFastClassBySpringCGLIBTTafc31a75.invoke(<generated>)\r\n	at org.springframework.cglib.proxy.MethodProxy.invoke(MethodProxy.java:218)\r\n	at org.springframework.aop.framework.CglibAopProxyTCglibMethodInvocation.invokeJoinpoint(CglibAopProxy.java:749)\r\n	at org.springframework.aop.framework.ReflectiveMethodInvocation.proceed(ReflectiveMethodInvocation.java:163)\r\n	at com.alibaba.druid.support.spring.stat.DruidStatInterceptor.invoke(DruidStatInterceptor.java:72)\r\n	at org.springframework.aop.framework.ReflectiveMethodInvocation.proceed(ReflectiveMethodInvocation.java:186)\r\n	at org.springframework.aop.framework.CglibAopProxyTDynamicAdvisedInterceptor.intercept(CglibAopProxy.java:688)\r\n	at cn.stylefeng.guns.modular.system.service.MenuServiceTTEnhancerBySpringCGLIBTT110b42ad.selectMenus(<generated>)\r\n	at cn.stylefeng.guns.modular.system.controller.MenuController.list(MenuController.java:143)\r\n	at cn.stylefeng.guns.modular.system.controller.MenuControllerTTFastClassBySpringCGLIBTT3bdef105.invoke(<generated>)\r\n	at org.springframework.cglib.proxy.MethodProxy.invoke(MethodProxy.java:218)\r\n	at org.springframework.aop.framework.CglibAopProxyTCglibMethodInvocation.invokeJoinpoint(CglibAopProxy.java:749)\r\n	at org.springframework.aop.framework.ReflectiveMethodInvocation.proceed(ReflectiveMethodInvocation.java:163)\r\n	at org.springframework.aop.aspectj.MethodInvocationProceedingJoinPoint.proceed(MethodInvocationProceedingJoinPoint.java:88)\r\n	at cn.stylefeng.guns.core.interceptor.SessionHolderInterceptor.sessionKit(SessionHolderInterceptor.java:44)\r\n	at sun.reflect.GeneratedMethodAccessor79.invoke(Unknown Source)\r\n	at sun.reflect.DelegatingMethodAccessorImpl.invoke(DelegatingMethodAccessorImpl.java:43)\r\n	at java.lang.reflect.Method.invoke(Method.java:498)\r\n	at org.springframework.aop.aspectj.AbstractAspectJAdvice.invokeAdviceMethodWithGivenArgs(AbstractAspectJAdvice.java:644)\r\n	at org.springframework.aop.aspectj.AbstractAspectJAdvice.invokeAdviceMethod(AbstractAspectJAdvice.java:633)\r\n	at org.springframework.aop.aspectj.AspectJAroundAdvice.invoke(AspectJAroundAdvice.java:70)\r\n	at org.springframework.aop.framework.ReflectiveMethodInvocation.proceed(ReflectiveMethodInvocation.java:186)\r\n	at org.springframework.aop.aspectj.MethodInvocationProceedingJoinPoint.proceed(MethodInvocationProceedingJoinPoint.java:88)\r\n	at cn.stylefeng.guns.core.aop.PermissionAop.doPermission(PermissionAop.java:72)\r\n	at sun.reflect.GeneratedMethodAccessor133.invoke(Unknown Source)\r\n	at sun.reflect.DelegatingMethodAccessorImpl.invoke(DelegatingMethodAccessorImpl.java:43)\r\n	at java.lang.reflect.Method.invoke(Method.java:498)\r\n	at org.springframework.aop.aspectj.AbstractAspectJAdvice.invokeAdviceMethodWithGivenArgs(AbstractAspectJAdvice.java:644)\r\n	at org.springframework.aop.aspectj.AbstractAspectJAdvice.invokeAdviceMethod(AbstractAspectJAdvice.java:633)\r\n	at org.springframework.aop.aspectj.AspectJAroundAdvice.invoke(AspectJAroundAdvice.java:70)\r\n	at org.springframework.aop.framework.ReflectiveMethodInvocation.proceed(ReflectiveMethodInvocation.java:175)\r\n	at org.springframework.aop.interceptor.ExposeInvocationInterceptor.invoke(ExposeInvocationInterceptor.java:93)\r\n	at org.springframework.aop.framework.ReflectiveMethodInvocation.proceed(ReflectiveMethodInvocation.java:186)\r\n	at org.springframework.aop.framework.CglibAopProxyTDynamicAdvisedInterceptor.intercept(CglibAopProxy.java:688)\r\n	at cn.stylefeng.guns.modular.system.controller.MenuControllerTTEnhancerBySpringCGLIBTT1f564a9a.list(<generated>)\r\n	at sun.reflect.GeneratedMethodAccessor171.invoke(Unknown Source)\r\n	at sun.reflect.DelegatingMethodAccessorImpl.invoke(DelegatingMethodAccessorImpl.java:43)\r\n	at java.lang.reflect.Method.invoke(Method.java:498)\r\n	at org.springframework.web.method.support.InvocableHandlerMethod.doInvoke(InvocableHandlerMethod.java:189)\r\n	at org.springframework.web.method.support.InvocableHandlerMethod.invokeForRequest(InvocableHandlerMethod.java:138)\r\n	at org.springframework.web.servlet.mvc.method.annotation.ServletInvocableHandlerMethod.invokeAndHandle(ServletInvocableHandlerMethod.java:102)\r\n	at org.springframework.web.servlet.mvc.method.annotation.RequestMappingHandlerAdapter.invokeHandlerMethod(RequestMappingHandlerAdapter.java:895)\r\n	at org.springframework.web.servlet.mvc.method.annotation.RequestMappingHandlerAdapter.handleInternal(RequestMappingHandlerAdapter.java:800)\r\n	at org.springframework.web.servlet.mvc.method.AbstractHandlerMethodAdapter.handle(AbstractHandlerMethodAdapter.java:87)\r\n	at org.springframework.web.servlet.DispatcherServlet.doDispatch(DispatcherServlet.java:1038)\r\n	at org.springframework.web.servlet.DispatcherServlet.doService(DispatcherServlet.java:942)\r\n	at org.springframework.web.servlet.FrameworkServlet.processRequest(FrameworkServlet.java:1005)\r\n	at org.springframework.web.servlet.FrameworkServlet.doGet(FrameworkServlet.java:897)\r\n	at javax.servlet.http.HttpServlet.service(HttpServlet.java:634)\r\n	at org.springframework.web.servlet.FrameworkServlet.service(FrameworkServlet.java:882)\r\n	at javax.servlet.http.HttpServlet.service(HttpServlet.java:741)\r\n	at org.apache.catalina.core.ApplicationFilterChain.internalDoFilter(ApplicationFilterChain.java:231)\r\n	at org.apache.catalina.core.ApplicationFilterChain.doFilter(ApplicationFilterChain.java:166)\r\n	at org.apache.tomcat.websocket.server.WsFilter.doFilter(WsFilter.java:53)\r\n	at org.apache.catalina.core.ApplicationFilterChain.internalDoFilter(ApplicationFilterChain.java:193)\r\n	at org.apache.catalina.core.ApplicationFilterChain.doFilter(ApplicationFilterChain.java:166)\r\n	at org.apache.shiro.web.servlet.ProxiedFilterChain.doFilter(ProxiedFilterChain.java:61)\r\n	at org.apache.shiro.web.servlet.AdviceFilter.executeChain(AdviceFilter.java:108)\r\n	at org.apache.shiro.web.servlet.AdviceFilter.doFilterInternal(AdviceFilter.java:137)\r\n	at org.apache.shiro.web.servlet.OncePerRequestFilter.doFilter(OncePerRequestFilter.java:125)\r\n	at org.apache.shiro.web.servlet.ProxiedFilterChain.doFilter(ProxiedFilterChain.java:66)\r\n	at org.apache.shiro.web.servlet.AbstractShiroFilter.executeChain(AbstractShiroFilter.java:449)\r\n	at org.apache.shiro.web.servlet.AbstractShiroFilterT1.call(AbstractShiroFilter.java:365)\r\n	at org.apache.shiro.subject.support.SubjectCallable.doCall(SubjectCallable.java:90)\r\n	at org.apache.shiro.subject.support.SubjectCallable.call(SubjectCallable.java:83)\r\n	at org.apache.shiro.subject.support.DelegatingSubject.execute(DelegatingSubject.java:387)\r\n	at org.apache.shiro.web.servlet.AbstractShiroFilter.doFilterInternal(AbstractShiroFilter.java:362)\r\n	at org.apache.shiro.web.servlet.OncePerRequestFilter.doFilter(OncePerRequestFilter.java:125)\r\n	at org.apache.catalina.core.ApplicationFilterChain.internalDoFilter(ApplicationFilterChain.java:193)\r\n	at org.apache.catalina.core.ApplicationFilterChain.doFilter(ApplicationFilterChain.java:166)\r\n	at cn.stylefeng.roses.core.xss.XssFilter.doFilter(XssFilter.java:31)\r\n	at org.apache.catalina.core.ApplicationFilterChain.internalDoFilter(ApplicationFilterChain.java:193)\r\n	at org.apache.catalina.core.ApplicationFilterChain.doFilter(ApplicationFilterChain.java:166)\r\n	at com.alibaba.druid.support.http.WebStatFilter.doFilter(WebStatFilter.java:123)\r\n	at org.apache.catalina.core.ApplicationFilterChain.internalDoFilter(ApplicationFilterChain.java:193)\r\n	at org.apache.catalina.core.ApplicationFilterChain.doFilter(ApplicationFilterChain.java:166)\r\n	at org.springframework.web.filter.RequestContextFilter.doFilterInternal(RequestContextFilter.java:99)\r\n	at org.springframework.web.filter.OncePerRequestFilter.doFilter(OncePerRequestFilter.java:107)\r\n	at org.apache.catalina.core.ApplicationFilterChain.internalDoFilter(ApplicationFilterChain.java:193)\r\n	at org.apache.catalina.core.ApplicationFilterChain.doFilter(ApplicationFilterChain.java:166)\r\n	at org.springframework.web.filter.FormContentFilter.doFilterInternal(FormContentFilter.java:92)\r\n	at org.springframework.web.filter.OncePerRequestFilter.doFilter(OncePerRequestFilter.java:107)\r\n	at org.apache.catalina.core.ApplicationFilterChain.internalDoFilter(ApplicationFilterChain.java:193)\r\n	at org.apache.catalina.core.ApplicationFilterChain.doFilter(ApplicationFilterChain.java:166)\r\n	at org.springframework.web.filter.HiddenHttpMethodFilter.doFilterInternal(HiddenHttpMethodFilter.java:93)\r\n	at org.springframework.web.filter.OncePerRequestFilter.doFilter(OncePerRequestFilter.java:107)\r\n	at org.apache.catalina.core.ApplicationFilterChain.internalDoFilter(ApplicationFilterChain.java:193)\r\n	at org.apache.catalina.core.ApplicationFilterChain.doFilter(ApplicationFilterChain.java:166)\r\n	at org.springframework.web.filter.CharacterEncodingFilter.doFilterInternal(CharacterEncodingFilter.java:200)\r\n	at org.springframework.web.filter.OncePerRequestFilter.doFilter(OncePerRequestFilter.java:107)\r\n	at org.apache.catalina.core.ApplicationFilterChain.internalDoFilter(ApplicationFilterChain.java:193)\r\n	at org.apache.catalina.core.ApplicationFilterChain.doFilter(ApplicationFilterChain.java:166)\r\n	at org.apache.catalina.core.StandardWrapperValve.invoke(StandardWrapperValve.java:199)\r\n	at org.apache.catalina.core.StandardContextValve.invoke(StandardContextValve.java:96)\r\n	at org.apache.catalina.authenticator.AuthenticatorBase.invoke(AuthenticatorBase.java:490)\r\n	at org.apache.catalina.core.StandardHostValve.invoke(StandardHostValve.java:139)\r\n	at org.apache.catalina.valves.ErrorReportValve.invoke(ErrorReportValve.java:92)\r\n	at org.apache.catalina.core.StandardEngineValve.invoke(StandardEngineValve.java:74)\r\n	at org.apache.catalina.connector.CoyoteAdapter.service(CoyoteAdapter.java:343)\r\n	at org.apache.coyote.http11.Http11Processor.service(Http11Processor.java:408)\r\n	at org.apache.coyote.AbstractProcessorLight.process(AbstractProcessorLight.java:66)\r\n	at org.apache.coyote.AbstractProtocolTConnectionHandler.process(AbstractProtocol.java:791)\r\n	at org.apache.tomcat.util.net.NioEndpointTSocketProcessor.doRun(NioEndpoint.java:1417)\r\n	at org.apache.tomcat.util.net.SocketProcessorBase.run(SocketProcessorBase.java:49)\r\n	at java.util.concurrent.ThreadPoolExecutor.runWorker(ThreadPoolExecutor.java:1142)\r\n	at java.util.concurrent.ThreadPoolExecutorTWorker.run(ThreadPoolExecutor.java:617)\r\n	at org.apache.tomcat.util.threads.TaskThreadTWrappingRunnable.run(TaskThread.java:61)\r\n	at java.lang.Thread.run(Thread.java:748)\r\n'),(1111838118232584194,'异常日志','',1,NULL,NULL,'2019-03-30 11:50:39','失败','java.lang.NullPointerException\r\n	at cn.stylefeng.guns.modular.system.service.MenuService.selectMenus(MenuService.java:119)\r\n	at cn.stylefeng.guns.modular.system.service.MenuServiceTTFastClassBySpringCGLIBTTafc31a75.invoke(<generated>)\r\n	at org.springframework.cglib.proxy.MethodProxy.invoke(MethodProxy.java:218)\r\n	at org.springframework.aop.framework.CglibAopProxyTCglibMethodInvocation.invokeJoinpoint(CglibAopProxy.java:749)\r\n	at org.springframework.aop.framework.ReflectiveMethodInvocation.proceed(ReflectiveMethodInvocation.java:163)\r\n	at com.alibaba.druid.support.spring.stat.DruidStatInterceptor.invoke(DruidStatInterceptor.java:72)\r\n	at org.springframework.aop.framework.ReflectiveMethodInvocation.proceed(ReflectiveMethodInvocation.java:186)\r\n	at org.springframework.aop.framework.CglibAopProxyTDynamicAdvisedInterceptor.intercept(CglibAopProxy.java:688)\r\n	at cn.stylefeng.guns.modular.system.service.MenuServiceTTEnhancerBySpringCGLIBTT110b42ad.selectMenus(<generated>)\r\n	at cn.stylefeng.guns.modular.system.controller.MenuController.list(MenuController.java:143)\r\n	at cn.stylefeng.guns.modular.system.controller.MenuControllerTTFastClassBySpringCGLIBTT3bdef105.invoke(<generated>)\r\n	at org.springframework.cglib.proxy.MethodProxy.invoke(MethodProxy.java:218)\r\n	at org.springframework.aop.framework.CglibAopProxyTCglibMethodInvocation.invokeJoinpoint(CglibAopProxy.java:749)\r\n	at org.springframework.aop.framework.ReflectiveMethodInvocation.proceed(ReflectiveMethodInvocation.java:163)\r\n	at org.springframework.aop.aspectj.MethodInvocationProceedingJoinPoint.proceed(MethodInvocationProceedingJoinPoint.java:88)\r\n	at cn.stylefeng.guns.core.interceptor.SessionHolderInterceptor.sessionKit(SessionHolderInterceptor.java:44)\r\n	at sun.reflect.GeneratedMethodAccessor79.invoke(Unknown Source)\r\n	at sun.reflect.DelegatingMethodAccessorImpl.invoke(DelegatingMethodAccessorImpl.java:43)\r\n	at java.lang.reflect.Method.invoke(Method.java:498)\r\n	at org.springframework.aop.aspectj.AbstractAspectJAdvice.invokeAdviceMethodWithGivenArgs(AbstractAspectJAdvice.java:644)\r\n	at org.springframework.aop.aspectj.AbstractAspectJAdvice.invokeAdviceMethod(AbstractAspectJAdvice.java:633)\r\n	at org.springframework.aop.aspectj.AspectJAroundAdvice.invoke(AspectJAroundAdvice.java:70)\r\n	at org.springframework.aop.framework.ReflectiveMethodInvocation.proceed(ReflectiveMethodInvocation.java:186)\r\n	at org.springframework.aop.aspectj.MethodInvocationProceedingJoinPoint.proceed(MethodInvocationProceedingJoinPoint.java:88)\r\n	at cn.stylefeng.guns.core.aop.PermissionAop.doPermission(PermissionAop.java:72)\r\n	at sun.reflect.GeneratedMethodAccessor133.invoke(Unknown Source)\r\n	at sun.reflect.DelegatingMethodAccessorImpl.invoke(DelegatingMethodAccessorImpl.java:43)\r\n	at java.lang.reflect.Method.invoke(Method.java:498)\r\n	at org.springframework.aop.aspectj.AbstractAspectJAdvice.invokeAdviceMethodWithGivenArgs(AbstractAspectJAdvice.java:644)\r\n	at org.springframework.aop.aspectj.AbstractAspectJAdvice.invokeAdviceMethod(AbstractAspectJAdvice.java:633)\r\n	at org.springframework.aop.aspectj.AspectJAroundAdvice.invoke(AspectJAroundAdvice.java:70)\r\n	at org.springframework.aop.framework.ReflectiveMethodInvocation.proceed(ReflectiveMethodInvocation.java:175)\r\n	at org.springframework.aop.interceptor.ExposeInvocationInterceptor.invoke(ExposeInvocationInterceptor.java:93)\r\n	at org.springframework.aop.framework.ReflectiveMethodInvocation.proceed(ReflectiveMethodInvocation.java:186)\r\n	at org.springframework.aop.framework.CglibAopProxyTDynamicAdvisedInterceptor.intercept(CglibAopProxy.java:688)\r\n	at cn.stylefeng.guns.modular.system.controller.MenuControllerTTEnhancerBySpringCGLIBTT1f564a9a.list(<generated>)\r\n	at sun.reflect.GeneratedMethodAccessor171.invoke(Unknown Source)\r\n	at sun.reflect.DelegatingMethodAccessorImpl.invoke(DelegatingMethodAccessorImpl.java:43)\r\n	at java.lang.reflect.Method.invoke(Method.java:498)\r\n	at org.springframework.web.method.support.InvocableHandlerMethod.doInvoke(InvocableHandlerMethod.java:189)\r\n	at org.springframework.web.method.support.InvocableHandlerMethod.invokeForRequest(InvocableHandlerMethod.java:138)\r\n	at org.springframework.web.servlet.mvc.method.annotation.ServletInvocableHandlerMethod.invokeAndHandle(ServletInvocableHandlerMethod.java:102)\r\n	at org.springframework.web.servlet.mvc.method.annotation.RequestMappingHandlerAdapter.invokeHandlerMethod(RequestMappingHandlerAdapter.java:895)\r\n	at org.springframework.web.servlet.mvc.method.annotation.RequestMappingHandlerAdapter.handleInternal(RequestMappingHandlerAdapter.java:800)\r\n	at org.springframework.web.servlet.mvc.method.AbstractHandlerMethodAdapter.handle(AbstractHandlerMethodAdapter.java:87)\r\n	at org.springframework.web.servlet.DispatcherServlet.doDispatch(DispatcherServlet.java:1038)\r\n	at org.springframework.web.servlet.DispatcherServlet.doService(DispatcherServlet.java:942)\r\n	at org.springframework.web.servlet.FrameworkServlet.processRequest(FrameworkServlet.java:1005)\r\n	at org.springframework.web.servlet.FrameworkServlet.doGet(FrameworkServlet.java:897)\r\n	at javax.servlet.http.HttpServlet.service(HttpServlet.java:634)\r\n	at org.springframework.web.servlet.FrameworkServlet.service(FrameworkServlet.java:882)\r\n	at javax.servlet.http.HttpServlet.service(HttpServlet.java:741)\r\n	at org.apache.catalina.core.ApplicationFilterChain.internalDoFilter(ApplicationFilterChain.java:231)\r\n	at org.apache.catalina.core.ApplicationFilterChain.doFilter(ApplicationFilterChain.java:166)\r\n	at org.apache.tomcat.websocket.server.WsFilter.doFilter(WsFilter.java:53)\r\n	at org.apache.catalina.core.ApplicationFilterChain.internalDoFilter(ApplicationFilterChain.java:193)\r\n	at org.apache.catalina.core.ApplicationFilterChain.doFilter(ApplicationFilterChain.java:166)\r\n	at org.apache.shiro.web.servlet.ProxiedFilterChain.doFilter(ProxiedFilterChain.java:61)\r\n	at org.apache.shiro.web.servlet.AdviceFilter.executeChain(AdviceFilter.java:108)\r\n	at org.apache.shiro.web.servlet.AdviceFilter.doFilterInternal(AdviceFilter.java:137)\r\n	at org.apache.shiro.web.servlet.OncePerRequestFilter.doFilter(OncePerRequestFilter.java:125)\r\n	at org.apache.shiro.web.servlet.ProxiedFilterChain.doFilter(ProxiedFilterChain.java:66)\r\n	at org.apache.shiro.web.servlet.AbstractShiroFilter.executeChain(AbstractShiroFilter.java:449)\r\n	at org.apache.shiro.web.servlet.AbstractShiroFilterT1.call(AbstractShiroFilter.java:365)\r\n	at org.apache.shiro.subject.support.SubjectCallable.doCall(SubjectCallable.java:90)\r\n	at org.apache.shiro.subject.support.SubjectCallable.call(SubjectCallable.java:83)\r\n	at org.apache.shiro.subject.support.DelegatingSubject.execute(DelegatingSubject.java:387)\r\n	at org.apache.shiro.web.servlet.AbstractShiroFilter.doFilterInternal(AbstractShiroFilter.java:362)\r\n	at org.apache.shiro.web.servlet.OncePerRequestFilter.doFilter(OncePerRequestFilter.java:125)\r\n	at org.apache.catalina.core.ApplicationFilterChain.internalDoFilter(ApplicationFilterChain.java:193)\r\n	at org.apache.catalina.core.ApplicationFilterChain.doFilter(ApplicationFilterChain.java:166)\r\n	at cn.stylefeng.roses.core.xss.XssFilter.doFilter(XssFilter.java:31)\r\n	at org.apache.catalina.core.ApplicationFilterChain.internalDoFilter(ApplicationFilterChain.java:193)\r\n	at org.apache.catalina.core.ApplicationFilterChain.doFilter(ApplicationFilterChain.java:166)\r\n	at com.alibaba.druid.support.http.WebStatFilter.doFilter(WebStatFilter.java:123)\r\n	at org.apache.catalina.core.ApplicationFilterChain.internalDoFilter(ApplicationFilterChain.java:193)\r\n	at org.apache.catalina.core.ApplicationFilterChain.doFilter(ApplicationFilterChain.java:166)\r\n	at org.springframework.web.filter.RequestContextFilter.doFilterInternal(RequestContextFilter.java:99)\r\n	at org.springframework.web.filter.OncePerRequestFilter.doFilter(OncePerRequestFilter.java:107)\r\n	at org.apache.catalina.core.ApplicationFilterChain.internalDoFilter(ApplicationFilterChain.java:193)\r\n	at org.apache.catalina.core.ApplicationFilterChain.doFilter(ApplicationFilterChain.java:166)\r\n	at org.springframework.web.filter.FormContentFilter.doFilterInternal(FormContentFilter.java:92)\r\n	at org.springframework.web.filter.OncePerRequestFilter.doFilter(OncePerRequestFilter.java:107)\r\n	at org.apache.catalina.core.ApplicationFilterChain.internalDoFilter(ApplicationFilterChain.java:193)\r\n	at org.apache.catalina.core.ApplicationFilterChain.doFilter(ApplicationFilterChain.java:166)\r\n	at org.springframework.web.filter.HiddenHttpMethodFilter.doFilterInternal(HiddenHttpMethodFilter.java:93)\r\n	at org.springframework.web.filter.OncePerRequestFilter.doFilter(OncePerRequestFilter.java:107)\r\n	at org.apache.catalina.core.ApplicationFilterChain.internalDoFilter(ApplicationFilterChain.java:193)\r\n	at org.apache.catalina.core.ApplicationFilterChain.doFilter(ApplicationFilterChain.java:166)\r\n	at org.springframework.web.filter.CharacterEncodingFilter.doFilterInternal(CharacterEncodingFilter.java:200)\r\n	at org.springframework.web.filter.OncePerRequestFilter.doFilter(OncePerRequestFilter.java:107)\r\n	at org.apache.catalina.core.ApplicationFilterChain.internalDoFilter(ApplicationFilterChain.java:193)\r\n	at org.apache.catalina.core.ApplicationFilterChain.doFilter(ApplicationFilterChain.java:166)\r\n	at org.apache.catalina.core.StandardWrapperValve.invoke(StandardWrapperValve.java:199)\r\n	at org.apache.catalina.core.StandardContextValve.invoke(StandardContextValve.java:96)\r\n	at org.apache.catalina.authenticator.AuthenticatorBase.invoke(AuthenticatorBase.java:490)\r\n	at org.apache.catalina.core.StandardHostValve.invoke(StandardHostValve.java:139)\r\n	at org.apache.catalina.valves.ErrorReportValve.invoke(ErrorReportValve.java:92)\r\n	at org.apache.catalina.core.StandardEngineValve.invoke(StandardEngineValve.java:74)\r\n	at org.apache.catalina.connector.CoyoteAdapter.service(CoyoteAdapter.java:343)\r\n	at org.apache.coyote.http11.Http11Processor.service(Http11Processor.java:408)\r\n	at org.apache.coyote.AbstractProcessorLight.process(AbstractProcessorLight.java:66)\r\n	at org.apache.coyote.AbstractProtocolTConnectionHandler.process(AbstractProtocol.java:791)\r\n	at org.apache.tomcat.util.net.NioEndpointTSocketProcessor.doRun(NioEndpoint.java:1417)\r\n	at org.apache.tomcat.util.net.SocketProcessorBase.run(SocketProcessorBase.java:49)\r\n	at java.util.concurrent.ThreadPoolExecutor.runWorker(ThreadPoolExecutor.java:1142)\r\n	at java.util.concurrent.ThreadPoolExecutorTWorker.run(ThreadPoolExecutor.java:617)\r\n	at org.apache.tomcat.util.threads.TaskThreadTWrappingRunnable.run(TaskThread.java:61)\r\n	at java.lang.Thread.run(Thread.java:748)\r\n'),(1111838125505507329,'异常日志','',1,NULL,NULL,'2019-03-30 11:50:41','失败','java.lang.NullPointerException\r\n	at cn.stylefeng.guns.modular.system.service.MenuService.selectMenus(MenuService.java:119)\r\n	at cn.stylefeng.guns.modular.system.service.MenuServiceTTFastClassBySpringCGLIBTTafc31a75.invoke(<generated>)\r\n	at org.springframework.cglib.proxy.MethodProxy.invoke(MethodProxy.java:218)\r\n	at org.springframework.aop.framework.CglibAopProxyTCglibMethodInvocation.invokeJoinpoint(CglibAopProxy.java:749)\r\n	at org.springframework.aop.framework.ReflectiveMethodInvocation.proceed(ReflectiveMethodInvocation.java:163)\r\n	at com.alibaba.druid.support.spring.stat.DruidStatInterceptor.invoke(DruidStatInterceptor.java:72)\r\n	at org.springframework.aop.framework.ReflectiveMethodInvocation.proceed(ReflectiveMethodInvocation.java:186)\r\n	at org.springframework.aop.framework.CglibAopProxyTDynamicAdvisedInterceptor.intercept(CglibAopProxy.java:688)\r\n	at cn.stylefeng.guns.modular.system.service.MenuServiceTTEnhancerBySpringCGLIBTT110b42ad.selectMenus(<generated>)\r\n	at cn.stylefeng.guns.modular.system.controller.MenuController.list(MenuController.java:143)\r\n	at cn.stylefeng.guns.modular.system.controller.MenuControllerTTFastClassBySpringCGLIBTT3bdef105.invoke(<generated>)\r\n	at org.springframework.cglib.proxy.MethodProxy.invoke(MethodProxy.java:218)\r\n	at org.springframework.aop.framework.CglibAopProxyTCglibMethodInvocation.invokeJoinpoint(CglibAopProxy.java:749)\r\n	at org.springframework.aop.framework.ReflectiveMethodInvocation.proceed(ReflectiveMethodInvocation.java:163)\r\n	at org.springframework.aop.aspectj.MethodInvocationProceedingJoinPoint.proceed(MethodInvocationProceedingJoinPoint.java:88)\r\n	at cn.stylefeng.guns.core.interceptor.SessionHolderInterceptor.sessionKit(SessionHolderInterceptor.java:44)\r\n	at sun.reflect.GeneratedMethodAccessor79.invoke(Unknown Source)\r\n	at sun.reflect.DelegatingMethodAccessorImpl.invoke(DelegatingMethodAccessorImpl.java:43)\r\n	at java.lang.reflect.Method.invoke(Method.java:498)\r\n	at org.springframework.aop.aspectj.AbstractAspectJAdvice.invokeAdviceMethodWithGivenArgs(AbstractAspectJAdvice.java:644)\r\n	at org.springframework.aop.aspectj.AbstractAspectJAdvice.invokeAdviceMethod(AbstractAspectJAdvice.java:633)\r\n	at org.springframework.aop.aspectj.AspectJAroundAdvice.invoke(AspectJAroundAdvice.java:70)\r\n	at org.springframework.aop.framework.ReflectiveMethodInvocation.proceed(ReflectiveMethodInvocation.java:186)\r\n	at org.springframework.aop.aspectj.MethodInvocationProceedingJoinPoint.proceed(MethodInvocationProceedingJoinPoint.java:88)\r\n	at cn.stylefeng.guns.core.aop.PermissionAop.doPermission(PermissionAop.java:72)\r\n	at sun.reflect.GeneratedMethodAccessor133.invoke(Unknown Source)\r\n	at sun.reflect.DelegatingMethodAccessorImpl.invoke(DelegatingMethodAccessorImpl.java:43)\r\n	at java.lang.reflect.Method.invoke(Method.java:498)\r\n	at org.springframework.aop.aspectj.AbstractAspectJAdvice.invokeAdviceMethodWithGivenArgs(AbstractAspectJAdvice.java:644)\r\n	at org.springframework.aop.aspectj.AbstractAspectJAdvice.invokeAdviceMethod(AbstractAspectJAdvice.java:633)\r\n	at org.springframework.aop.aspectj.AspectJAroundAdvice.invoke(AspectJAroundAdvice.java:70)\r\n	at org.springframework.aop.framework.ReflectiveMethodInvocation.proceed(ReflectiveMethodInvocation.java:175)\r\n	at org.springframework.aop.interceptor.ExposeInvocationInterceptor.invoke(ExposeInvocationInterceptor.java:93)\r\n	at org.springframework.aop.framework.ReflectiveMethodInvocation.proceed(ReflectiveMethodInvocation.java:186)\r\n	at org.springframework.aop.framework.CglibAopProxyTDynamicAdvisedInterceptor.intercept(CglibAopProxy.java:688)\r\n	at cn.stylefeng.guns.modular.system.controller.MenuControllerTTEnhancerBySpringCGLIBTT1f564a9a.list(<generated>)\r\n	at sun.reflect.GeneratedMethodAccessor171.invoke(Unknown Source)\r\n	at sun.reflect.DelegatingMethodAccessorImpl.invoke(DelegatingMethodAccessorImpl.java:43)\r\n	at java.lang.reflect.Method.invoke(Method.java:498)\r\n	at org.springframework.web.method.support.InvocableHandlerMethod.doInvoke(InvocableHandlerMethod.java:189)\r\n	at org.springframework.web.method.support.InvocableHandlerMethod.invokeForRequest(InvocableHandlerMethod.java:138)\r\n	at org.springframework.web.servlet.mvc.method.annotation.ServletInvocableHandlerMethod.invokeAndHandle(ServletInvocableHandlerMethod.java:102)\r\n	at org.springframework.web.servlet.mvc.method.annotation.RequestMappingHandlerAdapter.invokeHandlerMethod(RequestMappingHandlerAdapter.java:895)\r\n	at org.springframework.web.servlet.mvc.method.annotation.RequestMappingHandlerAdapter.handleInternal(RequestMappingHandlerAdapter.java:800)\r\n	at org.springframework.web.servlet.mvc.method.AbstractHandlerMethodAdapter.handle(AbstractHandlerMethodAdapter.java:87)\r\n	at org.springframework.web.servlet.DispatcherServlet.doDispatch(DispatcherServlet.java:1038)\r\n	at org.springframework.web.servlet.DispatcherServlet.doService(DispatcherServlet.java:942)\r\n	at org.springframework.web.servlet.FrameworkServlet.processRequest(FrameworkServlet.java:1005)\r\n	at org.springframework.web.servlet.FrameworkServlet.doGet(FrameworkServlet.java:897)\r\n	at javax.servlet.http.HttpServlet.service(HttpServlet.java:634)\r\n	at org.springframework.web.servlet.FrameworkServlet.service(FrameworkServlet.java:882)\r\n	at javax.servlet.http.HttpServlet.service(HttpServlet.java:741)\r\n	at org.apache.catalina.core.ApplicationFilterChain.internalDoFilter(ApplicationFilterChain.java:231)\r\n	at org.apache.catalina.core.ApplicationFilterChain.doFilter(ApplicationFilterChain.java:166)\r\n	at org.apache.tomcat.websocket.server.WsFilter.doFilter(WsFilter.java:53)\r\n	at org.apache.catalina.core.ApplicationFilterChain.internalDoFilter(ApplicationFilterChain.java:193)\r\n	at org.apache.catalina.core.ApplicationFilterChain.doFilter(ApplicationFilterChain.java:166)\r\n	at org.apache.shiro.web.servlet.ProxiedFilterChain.doFilter(ProxiedFilterChain.java:61)\r\n	at org.apache.shiro.web.servlet.AdviceFilter.executeChain(AdviceFilter.java:108)\r\n	at org.apache.shiro.web.servlet.AdviceFilter.doFilterInternal(AdviceFilter.java:137)\r\n	at org.apache.shiro.web.servlet.OncePerRequestFilter.doFilter(OncePerRequestFilter.java:125)\r\n	at org.apache.shiro.web.servlet.ProxiedFilterChain.doFilter(ProxiedFilterChain.java:66)\r\n	at org.apache.shiro.web.servlet.AbstractShiroFilter.executeChain(AbstractShiroFilter.java:449)\r\n	at org.apache.shiro.web.servlet.AbstractShiroFilterT1.call(AbstractShiroFilter.java:365)\r\n	at org.apache.shiro.subject.support.SubjectCallable.doCall(SubjectCallable.java:90)\r\n	at org.apache.shiro.subject.support.SubjectCallable.call(SubjectCallable.java:83)\r\n	at org.apache.shiro.subject.support.DelegatingSubject.execute(DelegatingSubject.java:387)\r\n	at org.apache.shiro.web.servlet.AbstractShiroFilter.doFilterInternal(AbstractShiroFilter.java:362)\r\n	at org.apache.shiro.web.servlet.OncePerRequestFilter.doFilter(OncePerRequestFilter.java:125)\r\n	at org.apache.catalina.core.ApplicationFilterChain.internalDoFilter(ApplicationFilterChain.java:193)\r\n	at org.apache.catalina.core.ApplicationFilterChain.doFilter(ApplicationFilterChain.java:166)\r\n	at cn.stylefeng.roses.core.xss.XssFilter.doFilter(XssFilter.java:31)\r\n	at org.apache.catalina.core.ApplicationFilterChain.internalDoFilter(ApplicationFilterChain.java:193)\r\n	at org.apache.catalina.core.ApplicationFilterChain.doFilter(ApplicationFilterChain.java:166)\r\n	at com.alibaba.druid.support.http.WebStatFilter.doFilter(WebStatFilter.java:123)\r\n	at org.apache.catalina.core.ApplicationFilterChain.internalDoFilter(ApplicationFilterChain.java:193)\r\n	at org.apache.catalina.core.ApplicationFilterChain.doFilter(ApplicationFilterChain.java:166)\r\n	at org.springframework.web.filter.RequestContextFilter.doFilterInternal(RequestContextFilter.java:99)\r\n	at org.springframework.web.filter.OncePerRequestFilter.doFilter(OncePerRequestFilter.java:107)\r\n	at org.apache.catalina.core.ApplicationFilterChain.internalDoFilter(ApplicationFilterChain.java:193)\r\n	at org.apache.catalina.core.ApplicationFilterChain.doFilter(ApplicationFilterChain.java:166)\r\n	at org.springframework.web.filter.FormContentFilter.doFilterInternal(FormContentFilter.java:92)\r\n	at org.springframework.web.filter.OncePerRequestFilter.doFilter(OncePerRequestFilter.java:107)\r\n	at org.apache.catalina.core.ApplicationFilterChain.internalDoFilter(ApplicationFilterChain.java:193)\r\n	at org.apache.catalina.core.ApplicationFilterChain.doFilter(ApplicationFilterChain.java:166)\r\n	at org.springframework.web.filter.HiddenHttpMethodFilter.doFilterInternal(HiddenHttpMethodFilter.java:93)\r\n	at org.springframework.web.filter.OncePerRequestFilter.doFilter(OncePerRequestFilter.java:107)\r\n	at org.apache.catalina.core.ApplicationFilterChain.internalDoFilter(ApplicationFilterChain.java:193)\r\n	at org.apache.catalina.core.ApplicationFilterChain.doFilter(ApplicationFilterChain.java:166)\r\n	at org.springframework.web.filter.CharacterEncodingFilter.doFilterInternal(CharacterEncodingFilter.java:200)\r\n	at org.springframework.web.filter.OncePerRequestFilter.doFilter(OncePerRequestFilter.java:107)\r\n	at org.apache.catalina.core.ApplicationFilterChain.internalDoFilter(ApplicationFilterChain.java:193)\r\n	at org.apache.catalina.core.ApplicationFilterChain.doFilter(ApplicationFilterChain.java:166)\r\n	at org.apache.catalina.core.StandardWrapperValve.invoke(StandardWrapperValve.java:199)\r\n	at org.apache.catalina.core.StandardContextValve.invoke(StandardContextValve.java:96)\r\n	at org.apache.catalina.authenticator.AuthenticatorBase.invoke(AuthenticatorBase.java:490)\r\n	at org.apache.catalina.core.StandardHostValve.invoke(StandardHostValve.java:139)\r\n	at org.apache.catalina.valves.ErrorReportValve.invoke(ErrorReportValve.java:92)\r\n	at org.apache.catalina.core.StandardEngineValve.invoke(StandardEngineValve.java:74)\r\n	at org.apache.catalina.connector.CoyoteAdapter.service(CoyoteAdapter.java:343)\r\n	at org.apache.coyote.http11.Http11Processor.service(Http11Processor.java:408)\r\n	at org.apache.coyote.AbstractProcessorLight.process(AbstractProcessorLight.java:66)\r\n	at org.apache.coyote.AbstractProtocolTConnectionHandler.process(AbstractProtocol.java:791)\r\n	at org.apache.tomcat.util.net.NioEndpointTSocketProcessor.doRun(NioEndpoint.java:1417)\r\n	at org.apache.tomcat.util.net.SocketProcessorBase.run(SocketProcessorBase.java:49)\r\n	at java.util.concurrent.ThreadPoolExecutor.runWorker(ThreadPoolExecutor.java:1142)\r\n	at java.util.concurrent.ThreadPoolExecutorTWorker.run(ThreadPoolExecutor.java:617)\r\n	at org.apache.tomcat.util.threads.TaskThreadTWrappingRunnable.run(TaskThread.java:61)\r\n	at java.lang.Thread.run(Thread.java:748)\r\n'),(1111838128349245441,'异常日志','',1,NULL,NULL,'2019-03-30 11:50:41','失败','java.lang.NullPointerException\r\n	at cn.stylefeng.guns.modular.system.service.MenuService.selectMenus(MenuService.java:119)\r\n	at cn.stylefeng.guns.modular.system.service.MenuServiceTTFastClassBySpringCGLIBTTafc31a75.invoke(<generated>)\r\n	at org.springframework.cglib.proxy.MethodProxy.invoke(MethodProxy.java:218)\r\n	at org.springframework.aop.framework.CglibAopProxyTCglibMethodInvocation.invokeJoinpoint(CglibAopProxy.java:749)\r\n	at org.springframework.aop.framework.ReflectiveMethodInvocation.proceed(ReflectiveMethodInvocation.java:163)\r\n	at com.alibaba.druid.support.spring.stat.DruidStatInterceptor.invoke(DruidStatInterceptor.java:72)\r\n	at org.springframework.aop.framework.ReflectiveMethodInvocation.proceed(ReflectiveMethodInvocation.java:186)\r\n	at org.springframework.aop.framework.CglibAopProxyTDynamicAdvisedInterceptor.intercept(CglibAopProxy.java:688)\r\n	at cn.stylefeng.guns.modular.system.service.MenuServiceTTEnhancerBySpringCGLIBTT110b42ad.selectMenus(<generated>)\r\n	at cn.stylefeng.guns.modular.system.controller.MenuController.list(MenuController.java:143)\r\n	at cn.stylefeng.guns.modular.system.controller.MenuControllerTTFastClassBySpringCGLIBTT3bdef105.invoke(<generated>)\r\n	at org.springframework.cglib.proxy.MethodProxy.invoke(MethodProxy.java:218)\r\n	at org.springframework.aop.framework.CglibAopProxyTCglibMethodInvocation.invokeJoinpoint(CglibAopProxy.java:749)\r\n	at org.springframework.aop.framework.ReflectiveMethodInvocation.proceed(ReflectiveMethodInvocation.java:163)\r\n	at org.springframework.aop.aspectj.MethodInvocationProceedingJoinPoint.proceed(MethodInvocationProceedingJoinPoint.java:88)\r\n	at cn.stylefeng.guns.core.interceptor.SessionHolderInterceptor.sessionKit(SessionHolderInterceptor.java:44)\r\n	at sun.reflect.GeneratedMethodAccessor79.invoke(Unknown Source)\r\n	at sun.reflect.DelegatingMethodAccessorImpl.invoke(DelegatingMethodAccessorImpl.java:43)\r\n	at java.lang.reflect.Method.invoke(Method.java:498)\r\n	at org.springframework.aop.aspectj.AbstractAspectJAdvice.invokeAdviceMethodWithGivenArgs(AbstractAspectJAdvice.java:644)\r\n	at org.springframework.aop.aspectj.AbstractAspectJAdvice.invokeAdviceMethod(AbstractAspectJAdvice.java:633)\r\n	at org.springframework.aop.aspectj.AspectJAroundAdvice.invoke(AspectJAroundAdvice.java:70)\r\n	at org.springframework.aop.framework.ReflectiveMethodInvocation.proceed(ReflectiveMethodInvocation.java:186)\r\n	at org.springframework.aop.aspectj.MethodInvocationProceedingJoinPoint.proceed(MethodInvocationProceedingJoinPoint.java:88)\r\n	at cn.stylefeng.guns.core.aop.PermissionAop.doPermission(PermissionAop.java:72)\r\n	at sun.reflect.GeneratedMethodAccessor133.invoke(Unknown Source)\r\n	at sun.reflect.DelegatingMethodAccessorImpl.invoke(DelegatingMethodAccessorImpl.java:43)\r\n	at java.lang.reflect.Method.invoke(Method.java:498)\r\n	at org.springframework.aop.aspectj.AbstractAspectJAdvice.invokeAdviceMethodWithGivenArgs(AbstractAspectJAdvice.java:644)\r\n	at org.springframework.aop.aspectj.AbstractAspectJAdvice.invokeAdviceMethod(AbstractAspectJAdvice.java:633)\r\n	at org.springframework.aop.aspectj.AspectJAroundAdvice.invoke(AspectJAroundAdvice.java:70)\r\n	at org.springframework.aop.framework.ReflectiveMethodInvocation.proceed(ReflectiveMethodInvocation.java:175)\r\n	at org.springframework.aop.interceptor.ExposeInvocationInterceptor.invoke(ExposeInvocationInterceptor.java:93)\r\n	at org.springframework.aop.framework.ReflectiveMethodInvocation.proceed(ReflectiveMethodInvocation.java:186)\r\n	at org.springframework.aop.framework.CglibAopProxyTDynamicAdvisedInterceptor.intercept(CglibAopProxy.java:688)\r\n	at cn.stylefeng.guns.modular.system.controller.MenuControllerTTEnhancerBySpringCGLIBTT1f564a9a.list(<generated>)\r\n	at sun.reflect.GeneratedMethodAccessor171.invoke(Unknown Source)\r\n	at sun.reflect.DelegatingMethodAccessorImpl.invoke(DelegatingMethodAccessorImpl.java:43)\r\n	at java.lang.reflect.Method.invoke(Method.java:498)\r\n	at org.springframework.web.method.support.InvocableHandlerMethod.doInvoke(InvocableHandlerMethod.java:189)\r\n	at org.springframework.web.method.support.InvocableHandlerMethod.invokeForRequest(InvocableHandlerMethod.java:138)\r\n	at org.springframework.web.servlet.mvc.method.annotation.ServletInvocableHandlerMethod.invokeAndHandle(ServletInvocableHandlerMethod.java:102)\r\n	at org.springframework.web.servlet.mvc.method.annotation.RequestMappingHandlerAdapter.invokeHandlerMethod(RequestMappingHandlerAdapter.java:895)\r\n	at org.springframework.web.servlet.mvc.method.annotation.RequestMappingHandlerAdapter.handleInternal(RequestMappingHandlerAdapter.java:800)\r\n	at org.springframework.web.servlet.mvc.method.AbstractHandlerMethodAdapter.handle(AbstractHandlerMethodAdapter.java:87)\r\n	at org.springframework.web.servlet.DispatcherServlet.doDispatch(DispatcherServlet.java:1038)\r\n	at org.springframework.web.servlet.DispatcherServlet.doService(DispatcherServlet.java:942)\r\n	at org.springframework.web.servlet.FrameworkServlet.processRequest(FrameworkServlet.java:1005)\r\n	at org.springframework.web.servlet.FrameworkServlet.doGet(FrameworkServlet.java:897)\r\n	at javax.servlet.http.HttpServlet.service(HttpServlet.java:634)\r\n	at org.springframework.web.servlet.FrameworkServlet.service(FrameworkServlet.java:882)\r\n	at javax.servlet.http.HttpServlet.service(HttpServlet.java:741)\r\n	at org.apache.catalina.core.ApplicationFilterChain.internalDoFilter(ApplicationFilterChain.java:231)\r\n	at org.apache.catalina.core.ApplicationFilterChain.doFilter(ApplicationFilterChain.java:166)\r\n	at org.apache.tomcat.websocket.server.WsFilter.doFilter(WsFilter.java:53)\r\n	at org.apache.catalina.core.ApplicationFilterChain.internalDoFilter(ApplicationFilterChain.java:193)\r\n	at org.apache.catalina.core.ApplicationFilterChain.doFilter(ApplicationFilterChain.java:166)\r\n	at org.apache.shiro.web.servlet.ProxiedFilterChain.doFilter(ProxiedFilterChain.java:61)\r\n	at org.apache.shiro.web.servlet.AdviceFilter.executeChain(AdviceFilter.java:108)\r\n	at org.apache.shiro.web.servlet.AdviceFilter.doFilterInternal(AdviceFilter.java:137)\r\n	at org.apache.shiro.web.servlet.OncePerRequestFilter.doFilter(OncePerRequestFilter.java:125)\r\n	at org.apache.shiro.web.servlet.ProxiedFilterChain.doFilter(ProxiedFilterChain.java:66)\r\n	at org.apache.shiro.web.servlet.AbstractShiroFilter.executeChain(AbstractShiroFilter.java:449)\r\n	at org.apache.shiro.web.servlet.AbstractShiroFilterT1.call(AbstractShiroFilter.java:365)\r\n	at org.apache.shiro.subject.support.SubjectCallable.doCall(SubjectCallable.java:90)\r\n	at org.apache.shiro.subject.support.SubjectCallable.call(SubjectCallable.java:83)\r\n	at org.apache.shiro.subject.support.DelegatingSubject.execute(DelegatingSubject.java:387)\r\n	at org.apache.shiro.web.servlet.AbstractShiroFilter.doFilterInternal(AbstractShiroFilter.java:362)\r\n	at org.apache.shiro.web.servlet.OncePerRequestFilter.doFilter(OncePerRequestFilter.java:125)\r\n	at org.apache.catalina.core.ApplicationFilterChain.internalDoFilter(ApplicationFilterChain.java:193)\r\n	at org.apache.catalina.core.ApplicationFilterChain.doFilter(ApplicationFilterChain.java:166)\r\n	at cn.stylefeng.roses.core.xss.XssFilter.doFilter(XssFilter.java:31)\r\n	at org.apache.catalina.core.ApplicationFilterChain.internalDoFilter(ApplicationFilterChain.java:193)\r\n	at org.apache.catalina.core.ApplicationFilterChain.doFilter(ApplicationFilterChain.java:166)\r\n	at com.alibaba.druid.support.http.WebStatFilter.doFilter(WebStatFilter.java:123)\r\n	at org.apache.catalina.core.ApplicationFilterChain.internalDoFilter(ApplicationFilterChain.java:193)\r\n	at org.apache.catalina.core.ApplicationFilterChain.doFilter(ApplicationFilterChain.java:166)\r\n	at org.springframework.web.filter.RequestContextFilter.doFilterInternal(RequestContextFilter.java:99)\r\n	at org.springframework.web.filter.OncePerRequestFilter.doFilter(OncePerRequestFilter.java:107)\r\n	at org.apache.catalina.core.ApplicationFilterChain.internalDoFilter(ApplicationFilterChain.java:193)\r\n	at org.apache.catalina.core.ApplicationFilterChain.doFilter(ApplicationFilterChain.java:166)\r\n	at org.springframework.web.filter.FormContentFilter.doFilterInternal(FormContentFilter.java:92)\r\n	at org.springframework.web.filter.OncePerRequestFilter.doFilter(OncePerRequestFilter.java:107)\r\n	at org.apache.catalina.core.ApplicationFilterChain.internalDoFilter(ApplicationFilterChain.java:193)\r\n	at org.apache.catalina.core.ApplicationFilterChain.doFilter(ApplicationFilterChain.java:166)\r\n	at org.springframework.web.filter.HiddenHttpMethodFilter.doFilterInternal(HiddenHttpMethodFilter.java:93)\r\n	at org.springframework.web.filter.OncePerRequestFilter.doFilter(OncePerRequestFilter.java:107)\r\n	at org.apache.catalina.core.ApplicationFilterChain.internalDoFilter(ApplicationFilterChain.java:193)\r\n	at org.apache.catalina.core.ApplicationFilterChain.doFilter(ApplicationFilterChain.java:166)\r\n	at org.springframework.web.filter.CharacterEncodingFilter.doFilterInternal(CharacterEncodingFilter.java:200)\r\n	at org.springframework.web.filter.OncePerRequestFilter.doFilter(OncePerRequestFilter.java:107)\r\n	at org.apache.catalina.core.ApplicationFilterChain.internalDoFilter(ApplicationFilterChain.java:193)\r\n	at org.apache.catalina.core.ApplicationFilterChain.doFilter(ApplicationFilterChain.java:166)\r\n	at org.apache.catalina.core.StandardWrapperValve.invoke(StandardWrapperValve.java:199)\r\n	at org.apache.catalina.core.StandardContextValve.invoke(StandardContextValve.java:96)\r\n	at org.apache.catalina.authenticator.AuthenticatorBase.invoke(AuthenticatorBase.java:490)\r\n	at org.apache.catalina.core.StandardHostValve.invoke(StandardHostValve.java:139)\r\n	at org.apache.catalina.valves.ErrorReportValve.invoke(ErrorReportValve.java:92)\r\n	at org.apache.catalina.core.StandardEngineValve.invoke(StandardEngineValve.java:74)\r\n	at org.apache.catalina.connector.CoyoteAdapter.service(CoyoteAdapter.java:343)\r\n	at org.apache.coyote.http11.Http11Processor.service(Http11Processor.java:408)\r\n	at org.apache.coyote.AbstractProcessorLight.process(AbstractProcessorLight.java:66)\r\n	at org.apache.coyote.AbstractProtocolTConnectionHandler.process(AbstractProtocol.java:791)\r\n	at org.apache.tomcat.util.net.NioEndpointTSocketProcessor.doRun(NioEndpoint.java:1417)\r\n	at org.apache.tomcat.util.net.SocketProcessorBase.run(SocketProcessorBase.java:49)\r\n	at java.util.concurrent.ThreadPoolExecutor.runWorker(ThreadPoolExecutor.java:1142)\r\n	at java.util.concurrent.ThreadPoolExecutorTWorker.run(ThreadPoolExecutor.java:617)\r\n	at org.apache.tomcat.util.threads.TaskThreadTWrappingRunnable.run(TaskThread.java:61)\r\n	at java.lang.Thread.run(Thread.java:748)\r\n'),(1111838190303309825,'异常日志','',1,NULL,NULL,'2019-03-30 11:50:56','失败','java.lang.NullPointerException\r\n	at cn.stylefeng.guns.modular.system.service.MenuService.selectMenus(MenuService.java:119)\r\n	at cn.stylefeng.guns.modular.system.service.MenuServiceTTFastClassBySpringCGLIBTTafc31a75.invoke(<generated>)\r\n	at org.springframework.cglib.proxy.MethodProxy.invoke(MethodProxy.java:218)\r\n	at org.springframework.aop.framework.CglibAopProxyTCglibMethodInvocation.invokeJoinpoint(CglibAopProxy.java:749)\r\n	at org.springframework.aop.framework.ReflectiveMethodInvocation.proceed(ReflectiveMethodInvocation.java:163)\r\n	at com.alibaba.druid.support.spring.stat.DruidStatInterceptor.invoke(DruidStatInterceptor.java:72)\r\n	at org.springframework.aop.framework.ReflectiveMethodInvocation.proceed(ReflectiveMethodInvocation.java:186)\r\n	at org.springframework.aop.framework.CglibAopProxyTDynamicAdvisedInterceptor.intercept(CglibAopProxy.java:688)\r\n	at cn.stylefeng.guns.modular.system.service.MenuServiceTTEnhancerBySpringCGLIBTT110b42ad.selectMenus(<generated>)\r\n	at cn.stylefeng.guns.modular.system.controller.MenuController.list(MenuController.java:143)\r\n	at cn.stylefeng.guns.modular.system.controller.MenuControllerTTFastClassBySpringCGLIBTT3bdef105.invoke(<generated>)\r\n	at org.springframework.cglib.proxy.MethodProxy.invoke(MethodProxy.java:218)\r\n	at org.springframework.aop.framework.CglibAopProxyTCglibMethodInvocation.invokeJoinpoint(CglibAopProxy.java:749)\r\n	at org.springframework.aop.framework.ReflectiveMethodInvocation.proceed(ReflectiveMethodInvocation.java:163)\r\n	at org.springframework.aop.aspectj.MethodInvocationProceedingJoinPoint.proceed(MethodInvocationProceedingJoinPoint.java:88)\r\n	at cn.stylefeng.guns.core.interceptor.SessionHolderInterceptor.sessionKit(SessionHolderInterceptor.java:44)\r\n	at sun.reflect.GeneratedMethodAccessor79.invoke(Unknown Source)\r\n	at sun.reflect.DelegatingMethodAccessorImpl.invoke(DelegatingMethodAccessorImpl.java:43)\r\n	at java.lang.reflect.Method.invoke(Method.java:498)\r\n	at org.springframework.aop.aspectj.AbstractAspectJAdvice.invokeAdviceMethodWithGivenArgs(AbstractAspectJAdvice.java:644)\r\n	at org.springframework.aop.aspectj.AbstractAspectJAdvice.invokeAdviceMethod(AbstractAspectJAdvice.java:633)\r\n	at org.springframework.aop.aspectj.AspectJAroundAdvice.invoke(AspectJAroundAdvice.java:70)\r\n	at org.springframework.aop.framework.ReflectiveMethodInvocation.proceed(ReflectiveMethodInvocation.java:186)\r\n	at org.springframework.aop.aspectj.MethodInvocationProceedingJoinPoint.proceed(MethodInvocationProceedingJoinPoint.java:88)\r\n	at cn.stylefeng.guns.core.aop.PermissionAop.doPermission(PermissionAop.java:72)\r\n	at sun.reflect.GeneratedMethodAccessor133.invoke(Unknown Source)\r\n	at sun.reflect.DelegatingMethodAccessorImpl.invoke(DelegatingMethodAccessorImpl.java:43)\r\n	at java.lang.reflect.Method.invoke(Method.java:498)\r\n	at org.springframework.aop.aspectj.AbstractAspectJAdvice.invokeAdviceMethodWithGivenArgs(AbstractAspectJAdvice.java:644)\r\n	at org.springframework.aop.aspectj.AbstractAspectJAdvice.invokeAdviceMethod(AbstractAspectJAdvice.java:633)\r\n	at org.springframework.aop.aspectj.AspectJAroundAdvice.invoke(AspectJAroundAdvice.java:70)\r\n	at org.springframework.aop.framework.ReflectiveMethodInvocation.proceed(ReflectiveMethodInvocation.java:175)\r\n	at org.springframework.aop.interceptor.ExposeInvocationInterceptor.invoke(ExposeInvocationInterceptor.java:93)\r\n	at org.springframework.aop.framework.ReflectiveMethodInvocation.proceed(ReflectiveMethodInvocation.java:186)\r\n	at org.springframework.aop.framework.CglibAopProxyTDynamicAdvisedInterceptor.intercept(CglibAopProxy.java:688)\r\n	at cn.stylefeng.guns.modular.system.controller.MenuControllerTTEnhancerBySpringCGLIBTT1f564a9a.list(<generated>)\r\n	at sun.reflect.GeneratedMethodAccessor171.invoke(Unknown Source)\r\n	at sun.reflect.DelegatingMethodAccessorImpl.invoke(DelegatingMethodAccessorImpl.java:43)\r\n	at java.lang.reflect.Method.invoke(Method.java:498)\r\n	at org.springframework.web.method.support.InvocableHandlerMethod.doInvoke(InvocableHandlerMethod.java:189)\r\n	at org.springframework.web.method.support.InvocableHandlerMethod.invokeForRequest(InvocableHandlerMethod.java:138)\r\n	at org.springframework.web.servlet.mvc.method.annotation.ServletInvocableHandlerMethod.invokeAndHandle(ServletInvocableHandlerMethod.java:102)\r\n	at org.springframework.web.servlet.mvc.method.annotation.RequestMappingHandlerAdapter.invokeHandlerMethod(RequestMappingHandlerAdapter.java:895)\r\n	at org.springframework.web.servlet.mvc.method.annotation.RequestMappingHandlerAdapter.handleInternal(RequestMappingHandlerAdapter.java:800)\r\n	at org.springframework.web.servlet.mvc.method.AbstractHandlerMethodAdapter.handle(AbstractHandlerMethodAdapter.java:87)\r\n	at org.springframework.web.servlet.DispatcherServlet.doDispatch(DispatcherServlet.java:1038)\r\n	at org.springframework.web.servlet.DispatcherServlet.doService(DispatcherServlet.java:942)\r\n	at org.springframework.web.servlet.FrameworkServlet.processRequest(FrameworkServlet.java:1005)\r\n	at org.springframework.web.servlet.FrameworkServlet.doGet(FrameworkServlet.java:897)\r\n	at javax.servlet.http.HttpServlet.service(HttpServlet.java:634)\r\n	at org.springframework.web.servlet.FrameworkServlet.service(FrameworkServlet.java:882)\r\n	at javax.servlet.http.HttpServlet.service(HttpServlet.java:741)\r\n	at org.apache.catalina.core.ApplicationFilterChain.internalDoFilter(ApplicationFilterChain.java:231)\r\n	at org.apache.catalina.core.ApplicationFilterChain.doFilter(ApplicationFilterChain.java:166)\r\n	at org.apache.tomcat.websocket.server.WsFilter.doFilter(WsFilter.java:53)\r\n	at org.apache.catalina.core.ApplicationFilterChain.internalDoFilter(ApplicationFilterChain.java:193)\r\n	at org.apache.catalina.core.ApplicationFilterChain.doFilter(ApplicationFilterChain.java:166)\r\n	at org.apache.shiro.web.servlet.ProxiedFilterChain.doFilter(ProxiedFilterChain.java:61)\r\n	at org.apache.shiro.web.servlet.AdviceFilter.executeChain(AdviceFilter.java:108)\r\n	at org.apache.shiro.web.servlet.AdviceFilter.doFilterInternal(AdviceFilter.java:137)\r\n	at org.apache.shiro.web.servlet.OncePerRequestFilter.doFilter(OncePerRequestFilter.java:125)\r\n	at org.apache.shiro.web.servlet.ProxiedFilterChain.doFilter(ProxiedFilterChain.java:66)\r\n	at org.apache.shiro.web.servlet.AbstractShiroFilter.executeChain(AbstractShiroFilter.java:449)\r\n	at org.apache.shiro.web.servlet.AbstractShiroFilterT1.call(AbstractShiroFilter.java:365)\r\n	at org.apache.shiro.subject.support.SubjectCallable.doCall(SubjectCallable.java:90)\r\n	at org.apache.shiro.subject.support.SubjectCallable.call(SubjectCallable.java:83)\r\n	at org.apache.shiro.subject.support.DelegatingSubject.execute(DelegatingSubject.java:387)\r\n	at org.apache.shiro.web.servlet.AbstractShiroFilter.doFilterInternal(AbstractShiroFilter.java:362)\r\n	at org.apache.shiro.web.servlet.OncePerRequestFilter.doFilter(OncePerRequestFilter.java:125)\r\n	at org.apache.catalina.core.ApplicationFilterChain.internalDoFilter(ApplicationFilterChain.java:193)\r\n	at org.apache.catalina.core.ApplicationFilterChain.doFilter(ApplicationFilterChain.java:166)\r\n	at cn.stylefeng.roses.core.xss.XssFilter.doFilter(XssFilter.java:31)\r\n	at org.apache.catalina.core.ApplicationFilterChain.internalDoFilter(ApplicationFilterChain.java:193)\r\n	at org.apache.catalina.core.ApplicationFilterChain.doFilter(ApplicationFilterChain.java:166)\r\n	at com.alibaba.druid.support.http.WebStatFilter.doFilter(WebStatFilter.java:123)\r\n	at org.apache.catalina.core.ApplicationFilterChain.internalDoFilter(ApplicationFilterChain.java:193)\r\n	at org.apache.catalina.core.ApplicationFilterChain.doFilter(ApplicationFilterChain.java:166)\r\n	at org.springframework.web.filter.RequestContextFilter.doFilterInternal(RequestContextFilter.java:99)\r\n	at org.springframework.web.filter.OncePerRequestFilter.doFilter(OncePerRequestFilter.java:107)\r\n	at org.apache.catalina.core.ApplicationFilterChain.internalDoFilter(ApplicationFilterChain.java:193)\r\n	at org.apache.catalina.core.ApplicationFilterChain.doFilter(ApplicationFilterChain.java:166)\r\n	at org.springframework.web.filter.FormContentFilter.doFilterInternal(FormContentFilter.java:92)\r\n	at org.springframework.web.filter.OncePerRequestFilter.doFilter(OncePerRequestFilter.java:107)\r\n	at org.apache.catalina.core.ApplicationFilterChain.internalDoFilter(ApplicationFilterChain.java:193)\r\n	at org.apache.catalina.core.ApplicationFilterChain.doFilter(ApplicationFilterChain.java:166)\r\n	at org.springframework.web.filter.HiddenHttpMethodFilter.doFilterInternal(HiddenHttpMethodFilter.java:93)\r\n	at org.springframework.web.filter.OncePerRequestFilter.doFilter(OncePerRequestFilter.java:107)\r\n	at org.apache.catalina.core.ApplicationFilterChain.internalDoFilter(ApplicationFilterChain.java:193)\r\n	at org.apache.catalina.core.ApplicationFilterChain.doFilter(ApplicationFilterChain.java:166)\r\n	at org.springframework.web.filter.CharacterEncodingFilter.doFilterInternal(CharacterEncodingFilter.java:200)\r\n	at org.springframework.web.filter.OncePerRequestFilter.doFilter(OncePerRequestFilter.java:107)\r\n	at org.apache.catalina.core.ApplicationFilterChain.internalDoFilter(ApplicationFilterChain.java:193)\r\n	at org.apache.catalina.core.ApplicationFilterChain.doFilter(ApplicationFilterChain.java:166)\r\n	at org.apache.catalina.core.StandardWrapperValve.invoke(StandardWrapperValve.java:199)\r\n	at org.apache.catalina.core.StandardContextValve.invoke(StandardContextValve.java:96)\r\n	at org.apache.catalina.authenticator.AuthenticatorBase.invoke(AuthenticatorBase.java:490)\r\n	at org.apache.catalina.core.StandardHostValve.invoke(StandardHostValve.java:139)\r\n	at org.apache.catalina.valves.ErrorReportValve.invoke(ErrorReportValve.java:92)\r\n	at org.apache.catalina.core.StandardEngineValve.invoke(StandardEngineValve.java:74)\r\n	at org.apache.catalina.connector.CoyoteAdapter.service(CoyoteAdapter.java:343)\r\n	at org.apache.coyote.http11.Http11Processor.service(Http11Processor.java:408)\r\n	at org.apache.coyote.AbstractProcessorLight.process(AbstractProcessorLight.java:66)\r\n	at org.apache.coyote.AbstractProtocolTConnectionHandler.process(AbstractProtocol.java:791)\r\n	at org.apache.tomcat.util.net.NioEndpointTSocketProcessor.doRun(NioEndpoint.java:1417)\r\n	at org.apache.tomcat.util.net.SocketProcessorBase.run(SocketProcessorBase.java:49)\r\n	at java.util.concurrent.ThreadPoolExecutor.runWorker(ThreadPoolExecutor.java:1142)\r\n	at java.util.concurrent.ThreadPoolExecutorTWorker.run(ThreadPoolExecutor.java:617)\r\n	at org.apache.tomcat.util.threads.TaskThreadTWrappingRunnable.run(TaskThread.java:61)\r\n	at java.lang.Thread.run(Thread.java:748)\r\n'),(1111840979003764737,'异常日志','',1,NULL,NULL,'2019-03-30 12:02:01','失败','java.lang.NullPointerException\r\n	at cn.stylefeng.guns.modular.system.service.MenuService.selectMenus(MenuService.java:119)\r\n	at cn.stylefeng.guns.modular.system.service.MenuServiceTTFastClassBySpringCGLIBTTafc31a75.invoke(<generated>)\r\n	at org.springframework.cglib.proxy.MethodProxy.invoke(MethodProxy.java:218)\r\n	at org.springframework.aop.framework.CglibAopProxyTCglibMethodInvocation.invokeJoinpoint(CglibAopProxy.java:749)\r\n	at org.springframework.aop.framework.ReflectiveMethodInvocation.proceed(ReflectiveMethodInvocation.java:163)\r\n	at com.alibaba.druid.support.spring.stat.DruidStatInterceptor.invoke(DruidStatInterceptor.java:72)\r\n	at org.springframework.aop.framework.ReflectiveMethodInvocation.proceed(ReflectiveMethodInvocation.java:186)\r\n	at org.springframework.aop.framework.CglibAopProxyTDynamicAdvisedInterceptor.intercept(CglibAopProxy.java:688)\r\n	at cn.stylefeng.guns.modular.system.service.MenuServiceTTEnhancerBySpringCGLIBTT110b42ad.selectMenus(<generated>)\r\n	at cn.stylefeng.guns.modular.system.controller.MenuController.list(MenuController.java:143)\r\n	at cn.stylefeng.guns.modular.system.controller.MenuControllerTTFastClassBySpringCGLIBTT3bdef105.invoke(<generated>)\r\n	at org.springframework.cglib.proxy.MethodProxy.invoke(MethodProxy.java:218)\r\n	at org.springframework.aop.framework.CglibAopProxyTCglibMethodInvocation.invokeJoinpoint(CglibAopProxy.java:749)\r\n	at org.springframework.aop.framework.ReflectiveMethodInvocation.proceed(ReflectiveMethodInvocation.java:163)\r\n	at org.springframework.aop.aspectj.MethodInvocationProceedingJoinPoint.proceed(MethodInvocationProceedingJoinPoint.java:88)\r\n	at cn.stylefeng.guns.core.interceptor.SessionHolderInterceptor.sessionKit(SessionHolderInterceptor.java:44)\r\n	at sun.reflect.GeneratedMethodAccessor79.invoke(Unknown Source)\r\n	at sun.reflect.DelegatingMethodAccessorImpl.invoke(DelegatingMethodAccessorImpl.java:43)\r\n	at java.lang.reflect.Method.invoke(Method.java:498)\r\n	at org.springframework.aop.aspectj.AbstractAspectJAdvice.invokeAdviceMethodWithGivenArgs(AbstractAspectJAdvice.java:644)\r\n	at org.springframework.aop.aspectj.AbstractAspectJAdvice.invokeAdviceMethod(AbstractAspectJAdvice.java:633)\r\n	at org.springframework.aop.aspectj.AspectJAroundAdvice.invoke(AspectJAroundAdvice.java:70)\r\n	at org.springframework.aop.framework.ReflectiveMethodInvocation.proceed(ReflectiveMethodInvocation.java:186)\r\n	at org.springframework.aop.aspectj.MethodInvocationProceedingJoinPoint.proceed(MethodInvocationProceedingJoinPoint.java:88)\r\n	at cn.stylefeng.guns.core.aop.PermissionAop.doPermission(PermissionAop.java:72)\r\n	at sun.reflect.GeneratedMethodAccessor133.invoke(Unknown Source)\r\n	at sun.reflect.DelegatingMethodAccessorImpl.invoke(DelegatingMethodAccessorImpl.java:43)\r\n	at java.lang.reflect.Method.invoke(Method.java:498)\r\n	at org.springframework.aop.aspectj.AbstractAspectJAdvice.invokeAdviceMethodWithGivenArgs(AbstractAspectJAdvice.java:644)\r\n	at org.springframework.aop.aspectj.AbstractAspectJAdvice.invokeAdviceMethod(AbstractAspectJAdvice.java:633)\r\n	at org.springframework.aop.aspectj.AspectJAroundAdvice.invoke(AspectJAroundAdvice.java:70)\r\n	at org.springframework.aop.framework.ReflectiveMethodInvocation.proceed(ReflectiveMethodInvocation.java:175)\r\n	at org.springframework.aop.interceptor.ExposeInvocationInterceptor.invoke(ExposeInvocationInterceptor.java:93)\r\n	at org.springframework.aop.framework.ReflectiveMethodInvocation.proceed(ReflectiveMethodInvocation.java:186)\r\n	at org.springframework.aop.framework.CglibAopProxyTDynamicAdvisedInterceptor.intercept(CglibAopProxy.java:688)\r\n	at cn.stylefeng.guns.modular.system.controller.MenuControllerTTEnhancerBySpringCGLIBTT1f564a9a.list(<generated>)\r\n	at sun.reflect.GeneratedMethodAccessor171.invoke(Unknown Source)\r\n	at sun.reflect.DelegatingMethodAccessorImpl.invoke(DelegatingMethodAccessorImpl.java:43)\r\n	at java.lang.reflect.Method.invoke(Method.java:498)\r\n	at org.springframework.web.method.support.InvocableHandlerMethod.doInvoke(InvocableHandlerMethod.java:189)\r\n	at org.springframework.web.method.support.InvocableHandlerMethod.invokeForRequest(InvocableHandlerMethod.java:138)\r\n	at org.springframework.web.servlet.mvc.method.annotation.ServletInvocableHandlerMethod.invokeAndHandle(ServletInvocableHandlerMethod.java:102)\r\n	at org.springframework.web.servlet.mvc.method.annotation.RequestMappingHandlerAdapter.invokeHandlerMethod(RequestMappingHandlerAdapter.java:895)\r\n	at org.springframework.web.servlet.mvc.method.annotation.RequestMappingHandlerAdapter.handleInternal(RequestMappingHandlerAdapter.java:800)\r\n	at org.springframework.web.servlet.mvc.method.AbstractHandlerMethodAdapter.handle(AbstractHandlerMethodAdapter.java:87)\r\n	at org.springframework.web.servlet.DispatcherServlet.doDispatch(DispatcherServlet.java:1038)\r\n	at org.springframework.web.servlet.DispatcherServlet.doService(DispatcherServlet.java:942)\r\n	at org.springframework.web.servlet.FrameworkServlet.processRequest(FrameworkServlet.java:1005)\r\n	at org.springframework.web.servlet.FrameworkServlet.doGet(FrameworkServlet.java:897)\r\n	at javax.servlet.http.HttpServlet.service(HttpServlet.java:634)\r\n	at org.springframework.web.servlet.FrameworkServlet.service(FrameworkServlet.java:882)\r\n	at javax.servlet.http.HttpServlet.service(HttpServlet.java:741)\r\n	at org.apache.catalina.core.ApplicationFilterChain.internalDoFilter(ApplicationFilterChain.java:231)\r\n	at org.apache.catalina.core.ApplicationFilterChain.doFilter(ApplicationFilterChain.java:166)\r\n	at org.apache.tomcat.websocket.server.WsFilter.doFilter(WsFilter.java:53)\r\n	at org.apache.catalina.core.ApplicationFilterChain.internalDoFilter(ApplicationFilterChain.java:193)\r\n	at org.apache.catalina.core.ApplicationFilterChain.doFilter(ApplicationFilterChain.java:166)\r\n	at org.apache.shiro.web.servlet.ProxiedFilterChain.doFilter(ProxiedFilterChain.java:61)\r\n	at org.apache.shiro.web.servlet.AdviceFilter.executeChain(AdviceFilter.java:108)\r\n	at org.apache.shiro.web.servlet.AdviceFilter.doFilterInternal(AdviceFilter.java:137)\r\n	at org.apache.shiro.web.servlet.OncePerRequestFilter.doFilter(OncePerRequestFilter.java:125)\r\n	at org.apache.shiro.web.servlet.ProxiedFilterChain.doFilter(ProxiedFilterChain.java:66)\r\n	at org.apache.shiro.web.servlet.AbstractShiroFilter.executeChain(AbstractShiroFilter.java:449)\r\n	at org.apache.shiro.web.servlet.AbstractShiroFilterT1.call(AbstractShiroFilter.java:365)\r\n	at org.apache.shiro.subject.support.SubjectCallable.doCall(SubjectCallable.java:90)\r\n	at org.apache.shiro.subject.support.SubjectCallable.call(SubjectCallable.java:83)\r\n	at org.apache.shiro.subject.support.DelegatingSubject.execute(DelegatingSubject.java:387)\r\n	at org.apache.shiro.web.servlet.AbstractShiroFilter.doFilterInternal(AbstractShiroFilter.java:362)\r\n	at org.apache.shiro.web.servlet.OncePerRequestFilter.doFilter(OncePerRequestFilter.java:125)\r\n	at org.apache.catalina.core.ApplicationFilterChain.internalDoFilter(ApplicationFilterChain.java:193)\r\n	at org.apache.catalina.core.ApplicationFilterChain.doFilter(ApplicationFilterChain.java:166)\r\n	at cn.stylefeng.roses.core.xss.XssFilter.doFilter(XssFilter.java:31)\r\n	at org.apache.catalina.core.ApplicationFilterChain.internalDoFilter(ApplicationFilterChain.java:193)\r\n	at org.apache.catalina.core.ApplicationFilterChain.doFilter(ApplicationFilterChain.java:166)\r\n	at com.alibaba.druid.support.http.WebStatFilter.doFilter(WebStatFilter.java:123)\r\n	at org.apache.catalina.core.ApplicationFilterChain.internalDoFilter(ApplicationFilterChain.java:193)\r\n	at org.apache.catalina.core.ApplicationFilterChain.doFilter(ApplicationFilterChain.java:166)\r\n	at org.springframework.web.filter.RequestContextFilter.doFilterInternal(RequestContextFilter.java:99)\r\n	at org.springframework.web.filter.OncePerRequestFilter.doFilter(OncePerRequestFilter.java:107)\r\n	at org.apache.catalina.core.ApplicationFilterChain.internalDoFilter(ApplicationFilterChain.java:193)\r\n	at org.apache.catalina.core.ApplicationFilterChain.doFilter(ApplicationFilterChain.java:166)\r\n	at org.springframework.web.filter.FormContentFilter.doFilterInternal(FormContentFilter.java:92)\r\n	at org.springframework.web.filter.OncePerRequestFilter.doFilter(OncePerRequestFilter.java:107)\r\n	at org.apache.catalina.core.ApplicationFilterChain.internalDoFilter(ApplicationFilterChain.java:193)\r\n	at org.apache.catalina.core.ApplicationFilterChain.doFilter(ApplicationFilterChain.java:166)\r\n	at org.springframework.web.filter.HiddenHttpMethodFilter.doFilterInternal(HiddenHttpMethodFilter.java:93)\r\n	at org.springframework.web.filter.OncePerRequestFilter.doFilter(OncePerRequestFilter.java:107)\r\n	at org.apache.catalina.core.ApplicationFilterChain.internalDoFilter(ApplicationFilterChain.java:193)\r\n	at org.apache.catalina.core.ApplicationFilterChain.doFilter(ApplicationFilterChain.java:166)\r\n	at org.springframework.web.filter.CharacterEncodingFilter.doFilterInternal(CharacterEncodingFilter.java:200)\r\n	at org.springframework.web.filter.OncePerRequestFilter.doFilter(OncePerRequestFilter.java:107)\r\n	at org.apache.catalina.core.ApplicationFilterChain.internalDoFilter(ApplicationFilterChain.java:193)\r\n	at org.apache.catalina.core.ApplicationFilterChain.doFilter(ApplicationFilterChain.java:166)\r\n	at org.apache.catalina.core.StandardWrapperValve.invoke(StandardWrapperValve.java:199)\r\n	at org.apache.catalina.core.StandardContextValve.invoke(StandardContextValve.java:96)\r\n	at org.apache.catalina.authenticator.AuthenticatorBase.invoke(AuthenticatorBase.java:490)\r\n	at org.apache.catalina.core.StandardHostValve.invoke(StandardHostValve.java:139)\r\n	at org.apache.catalina.valves.ErrorReportValve.invoke(ErrorReportValve.java:92)\r\n	at org.apache.catalina.core.StandardEngineValve.invoke(StandardEngineValve.java:74)\r\n	at org.apache.catalina.connector.CoyoteAdapter.service(CoyoteAdapter.java:343)\r\n	at org.apache.coyote.http11.Http11Processor.service(Http11Processor.java:408)\r\n	at org.apache.coyote.AbstractProcessorLight.process(AbstractProcessorLight.java:66)\r\n	at org.apache.coyote.AbstractProtocolTConnectionHandler.process(AbstractProtocol.java:791)\r\n	at org.apache.tomcat.util.net.NioEndpointTSocketProcessor.doRun(NioEndpoint.java:1417)\r\n	at org.apache.tomcat.util.net.SocketProcessorBase.run(SocketProcessorBase.java:49)\r\n	at java.util.concurrent.ThreadPoolExecutor.runWorker(ThreadPoolExecutor.java:1142)\r\n	at java.util.concurrent.ThreadPoolExecutorTWorker.run(ThreadPoolExecutor.java:617)\r\n	at org.apache.tomcat.util.threads.TaskThreadTWrappingRunnable.run(TaskThread.java:61)\r\n	at java.lang.Thread.run(Thread.java:748)\r\n'),(1111844047279726593,'业务日志','修改菜单',1,'cn.stylefeng.guns.modular.system.controller.MenuController','edit','2019-03-30 12:14:13','成功','菜单名称=系统消息;;;字段名称:null,旧值:1,新值:10'),(1111897886238281730,'业务日志','添加角色',1,'cn.stylefeng.guns.modular.system.controller.RoleController','add','2019-03-30 15:48:09','成功','角色名称=文章管理'),(1112539094522273794,'业务日志','删除菜单',1,'com.miku.advs.modular.system.controller.system.MenuController','remove','2019-04-01 10:16:05','成功','菜单id=133'),(1112539111437901825,'业务日志','删除菜单',1,'com.miku.advs.modular.system.controller.system.MenuController','remove','2019-04-01 10:16:09','成功','菜单id=141'),(1112539166915960834,'业务日志','删除菜单',1,'com.miku.advs.modular.system.controller.system.MenuController','remove','2019-04-01 10:16:22','成功','菜单id=130'),(1112539178932641793,'业务日志','删除菜单',1,'com.miku.advs.modular.system.controller.system.MenuController','remove','2019-04-01 10:16:25','成功','菜单id=131'),(1112539189951078401,'业务日志','删除菜单',1,'com.miku.advs.modular.system.controller.system.MenuController','remove','2019-04-01 10:16:28','成功','菜单id=128'),(1112539206690545665,'业务日志','删除菜单',1,'com.miku.advs.modular.system.controller.system.MenuController','remove','2019-04-01 10:16:32','成功','菜单id=1111836440213188610'),(1112539790176952321,'业务日志','删除菜单',1,'com.miku.advs.modular.system.controller.system.MenuController','remove','2019-04-01 10:18:51','成功','菜单id=171'),(1112545942923186178,'业务日志','修改角色',1,'com.miku.advs.modular.system.controller.system.RoleController','edit','2019-04-01 10:43:18','成功','角色名称=普通管理员;;;字段名称:角色名称,旧值:临时,新值:普通管理员');

/*Table structure for table `sys_relation` */

DROP TABLE IF EXISTS `sys_relation`;

CREATE TABLE `sys_relation` (
  `RELATION_ID` bigint(20) NOT NULL COMMENT '主键',
  `MENU_ID` bigint(20) DEFAULT NULL COMMENT '菜单id',
  `ROLE_ID` bigint(20) DEFAULT NULL COMMENT '角色id',
  PRIMARY KEY (`RELATION_ID`) USING BTREE
) ENGINE=InnoDB DEFAULT CHARSET=utf8 ROW_FORMAT=DYNAMIC COMMENT='角色和菜单关联表';

/*Data for the table `sys_relation` */

insert  into `sys_relation`(`RELATION_ID`,`MENU_ID`,`ROLE_ID`) values (1111836597411508225,105,1),(1111836597700915201,106,1),(1111836597713498114,107,1),(1111836597721886722,108,1),(1111836597730275329,109,1),(1111836597738663937,110,1),(1111836597742858242,111,1),(1111836597742858243,112,1),(1111836597751246849,113,1),(1111836597759635457,165,1),(1111836597768024066,166,1),(1111836597772218370,167,1),(1111836597784801281,114,1),(1111836597793189890,115,1),(1111836597793189891,116,1),(1111836597805772802,117,1),(1111836597809967105,118,1),(1111836597818355713,162,1),(1111836597822550018,163,1),(1111836597830938625,164,1),(1111836597830938626,119,1),(1111836597839327233,120,1),(1111836597847715842,121,1),(1111836597851910146,122,1),(1111836597856104449,150,1),(1111836597860298753,151,1),(1111836597927407619,132,1),(1111836597935796225,138,1),(1111836597939990529,139,1),(1111836597948379138,140,1),(1111836597948379139,155,1),(1111836597960962049,156,1),(1111836597960962050,157,1),(1111836598023876609,172,1),(1111836598032265218,145,1),(1112546123768991746,105,5),(1112546123781574658,106,5),(1112546123785768961,107,5),(1112546123794157569,108,5),(1112546123802546177,110,5),(1112546123815129089,111,5),(1112546123823517698,112,5),(1112546123831906306,113,5),(1112546123840294914,165,5),(1112546123848683522,166,5),(1112546123861266434,167,5),(1112546123869655041,114,5),(1112546123873849346,115,5),(1112546123882237954,116,5),(1112546123890626562,117,5),(1112546123899015170,118,5),(1112546123907403777,162,5),(1112546123915792385,163,5),(1112546123919986689,164,5),(1112546123928375298,119,5),(1112546123932569602,120,5),(1112546123940958210,121,5),(1112546123945152514,122,5),(1112546123949346818,150,5),(1112546123957735426,151,5),(1112546123966124034,132,5),(1112546123974512642,138,5),(1112546123982901249,139,5),(1112546123987095553,140,5),(1112546123991289858,155,5),(1112546123999678466,156,5),(1112546123999678467,157,5);

/*Table structure for table `sys_role` */

DROP TABLE IF EXISTS `sys_role`;

CREATE TABLE `sys_role` (
  `ROLE_ID` bigint(20) NOT NULL AUTO_INCREMENT COMMENT '主键id',
  `PID` bigint(20) DEFAULT NULL COMMENT '父角色id',
  `NAME` varchar(255) DEFAULT NULL COMMENT '角色名称',
  `DESCRIPTION` varchar(255) DEFAULT NULL COMMENT '提示',
  `SORT` int(11) DEFAULT NULL COMMENT '序号',
  `VERSION` int(11) DEFAULT NULL COMMENT '乐观锁',
  `CREATE_TIME` datetime DEFAULT NULL COMMENT '创建时间',
  `UPDATE_TIME` datetime DEFAULT NULL COMMENT '修改时间',
  `CREATE_USER` bigint(20) DEFAULT NULL COMMENT '创建用户',
  `UPDATE_USER` bigint(20) DEFAULT NULL COMMENT '修改用户',
  PRIMARY KEY (`ROLE_ID`) USING BTREE
) ENGINE=InnoDB AUTO_INCREMENT=6 DEFAULT CHARSET=utf8 ROW_FORMAT=DYNAMIC COMMENT='角色表';

/*Data for the table `sys_role` */

insert  into `sys_role`(`ROLE_ID`,`PID`,`NAME`,`DESCRIPTION`,`SORT`,`VERSION`,`CREATE_TIME`,`UPDATE_TIME`,`CREATE_USER`,`UPDATE_USER`) values (1,0,'超级管理员','administrator',1,1,NULL,NULL,NULL,NULL),(5,1,'普通管理员','temp',2,NULL,NULL,'2019-04-01 10:43:17',NULL,1);

/*Table structure for table `sys_user` */

DROP TABLE IF EXISTS `sys_user`;

CREATE TABLE `sys_user` (
  `USER_ID` bigint(20) NOT NULL COMMENT '主键id',
  `AVATAR` varchar(255) DEFAULT NULL COMMENT '头像',
  `ACCOUNT` varchar(45) DEFAULT NULL COMMENT '账号',
  `PASSWORD` varchar(45) DEFAULT NULL COMMENT '密码',
  `SALT` varchar(45) DEFAULT NULL COMMENT 'md5密码盐',
  `NAME` varchar(45) DEFAULT NULL COMMENT '名字',
  `BIRTHDAY` datetime DEFAULT NULL COMMENT '生日',
  `SEX` varchar(32) DEFAULT NULL COMMENT '性别(字典)',
  `EMAIL` varchar(45) DEFAULT NULL COMMENT '电子邮件',
  `PHONE` varchar(45) DEFAULT NULL COMMENT '电话',
  `ROLE_ID` varchar(255) DEFAULT NULL COMMENT '角色id(多个逗号隔开)',
  `DEPT_ID` bigint(20) DEFAULT NULL COMMENT '部门id(多个逗号隔开)',
  `STATUS` varchar(32) DEFAULT NULL COMMENT '状态(字典)',
  `CREATE_TIME` datetime DEFAULT NULL COMMENT '创建时间',
  `CREATE_USER` bigint(20) DEFAULT NULL COMMENT '创建人',
  `UPDATE_TIME` datetime DEFAULT NULL COMMENT '更新时间',
  `UPDATE_USER` bigint(20) DEFAULT NULL COMMENT '更新人',
  `VERSION` int(11) DEFAULT NULL COMMENT '乐观锁',
  PRIMARY KEY (`USER_ID`) USING BTREE
) ENGINE=InnoDB DEFAULT CHARSET=utf8 ROW_FORMAT=DYNAMIC COMMENT='管理员表';

/*Data for the table `sys_user` */

insert  into `sys_user`(`USER_ID`,`AVATAR`,`ACCOUNT`,`PASSWORD`,`SALT`,`NAME`,`BIRTHDAY`,`SEX`,`EMAIL`,`PHONE`,`ROLE_ID`,`DEPT_ID`,`STATUS`,`CREATE_TIME`,`CREATE_USER`,`UPDATE_TIME`,`UPDATE_USER`,`VERSION`) values (1,'1','admin','1d6b1208c7d151d335790276a18e3d99','q6taw','stylefeng','2018-11-16 00:00:00','M','sn93@qq.com','18200000000','1',27,'ENABLE','2016-01-29 08:49:53',NULL,'2018-12-28 22:52:24',24,25);

/*Table structure for table `test` */

DROP TABLE IF EXISTS `test`;

CREATE TABLE `test` (
  `aaa` int(11) NOT NULL AUTO_INCREMENT,
  `bbb` varchar(255) DEFAULT NULL,
  PRIMARY KEY (`aaa`) USING BTREE
) ENGINE=InnoDB DEFAULT CHARSET=utf8 ROW_FORMAT=DYNAMIC;

/*Data for the table `test` */

/*!40101 SET SQL_MODE=@OLD_SQL_MODE */;
/*!40014 SET FOREIGN_KEY_CHECKS=@OLD_FOREIGN_KEY_CHECKS */;
/*!40014 SET UNIQUE_CHECKS=@OLD_UNIQUE_CHECKS */;
/*!40111 SET SQL_NOTES=@OLD_SQL_NOTES */;
